카테고리,순위,제목,저자,출판사,가격,써머리,2030 추천사,이 책을 좋아해야 할 이유
2030_소설,1,괴테는 모든 것을 말했다,스즈키 유이,리프,15300,"23세 아쿠타가와상 수상. 7주 연속 1위. 평점 8.0","23살 작가가 쓴 이 소설은 우리가 잊고 살았던 언어의 힘을 일깨운다. 7주 연속 1위는 괜히 된 게 아니다.","이 소설이 특별한 건 작가의 나이 때문만이 아니다. 23세 대학원생 스즈키 유이가 아쿠타가와상을 받으며 등장했을 때, 일본 문단은 에코와 보르헤스에 비견했다. 대단한 수식어지만, 읽어보면 과장이 아니라는 걸 알게 된다. 이 소설의 매력은 문장에 있다. 한 문장을 읽고 멈추게 되는 경험. SNS의 짧은 글에 익숙해진 우리에게, 문장 하나가 마음을 흔드는 경험은 낯설지만 강렬하다. 사랑의 본질을 탐구하면서도 무겁지 않고, 언어와 문학의 힘을 다루면서도 현학적이지 않다. 2030 독자가 이 책에 열광하는 이유는 간단하다. 우리 세대가 잃어버린 깊이를 이 짧은 소설 안에서 되찾을 수 있기 때문이다. 7주 연속 1위라는 기록은, 같은 경험을 한 사람이 그만큼 많다는 증거다. 읽고 나면 괴테를 찾게 되고, 서점에서 문학 코너에 머무는 시간이 길어진다. 올해 단 한 권만 읽겠다면, 이 책이 그 한 권이 되어야 한다."
2030_소설,2,자몽살구클럽,한로로,어센틱,10800,"네 여중생의 20일 유예 프로젝트. 1시간 완독.","1시간이면 다 읽지만 덮고 나면 한참 멍하게 앉아 있게 된다.","싱어송라이터 한로로가 음악이 아닌 소설로 찾아왔다. 자살을 생각하는 네 명의 여중생이 자몽살구클럽이라는 모임을 만들고, 서로에게 20일의 유예를 준다. 그 안에 살아갈 이유를 찾자고. 이 책은 얇다. 1시간이면 끝난다. 그런데 마지막 페이지를 넘기는 순간, 시간이 멈춘다. 가장 빛나야 할 시절의 아이들이 겪는 슬픔이 너무 현실적이라서. 제목의 자몽과 살구는 신맛과 달콤함, 죽음 충동과 생의 의지를 동시에 품은 언어적 장치다. 한로로의 동명 EP 앨범과 함께 들으면 세계관이 확장되는 경험도 할 수 있다. 이 책이 2030에게 필요한 이유는, 우리 주변에도 조용히 힘들어하는 사람이 있기 때문이다. 이 소설은 거창한 해결책을 제시하지 않는다. 다만, 20일이라는 시간이 삶과 죽음 사이에서 얼마나 큰 차이를 만들 수 있는지를 보여준다. 손을 꽉 쥐게 되는 애잔함과 먹먹함. 그것이 이 책의 전부이자 전부인 매력이다."
2030_소설,3,프로젝트 헤일메리,앤디 위어,RHK,19800,"외계 생명체 록키와의 우정. 30개국 1위. 평점 9.4","SF를 안 좋아해도 상관없다. 이건 우정 이야기다. 영화 나오기 전에 꼭 읽어라.","이 책을 SF라고만 분류하면 손해다. 기억을 잃은 채 우주선에서 깨어난 평범한 과학교사가, 11.9광년 떨어진 곳에서 지구를 구해야 한다는 설정은 SF지만, 이 소설의 진짜 힘은 록키라는 외계 생명체와의 우정에 있다. 언어도 다르고, 생김새도 다르고, 호흡하는 방식조차 다른 존재와 어떻게 소통하고 신뢰를 쌓는지를 보여주는 과정이 감동적이다. 앤디 위어 특유의 유쾌한 문체도 빼놓을 수 없다. 과학적 문제를 풀어나가는 과정이 퀴즈쇼처럼 재미있고, 위기를 유머로 돌파하는 주인공에게서 힘을 얻게 된다. 빌 게이츠와 오바마가 추천했고, 30개국에서 1위를 했으며, 평점 9.4는 알라딘 역대급이다. 2030이 읽어야 하는 이유? 다름을 넘어선 연대가 무엇인지, 과학이 왜 아름다운지, 유머가 어떻게 절망을 이기는지를 한 권으로 경험할 수 있기 때문이다. 영화가 나오기 전에 반드시 원작을 먼저 읽어라. 록키를 잊을 수 없게 될 것이다."
2030_소설,4,나의 완벽한 장례식,조현선,북로망스,17100,"병원 매점에 찾아오는 죽은 영혼들의 부탁.","죽음을 다루면서도 슬프지 않고 오히려 따뜻한 판타지.","새벽 병원 매점. 인적이 드문 시간, 그림자가 없는 손님들이 하나둘 찾아온다. 스무 살 나희는 대학 등록금을 벌기 위해 야간 알바를 시작했을 뿐인데, 이미 죽었지만 떠나지 못한 영혼들의 마지막 부탁을 들어주게 된다. 이 소설의 매력은 죽음을 다루면서도 슬프지 않다는 것이다. 오히려 따뜻하다. 영혼들이 남기고 간 미완의 이야기는, 살아있는 우리가 지금 해야 할 것들을 떠올리게 만든다. 미스터리한 분위기 속에서도 인간적인 온기를 잃지 않는 문장은 독자를 자연스럽게 서사 안으로 끌어들인다. 2030이 이 책에 빠지는 이유는, 20대의 불안정한 삶과 죽음이라는 거대한 주제가 맞닿는 지점에서 위로를 발견하기 때문이다. 마지막 장을 덮은 뒤에도 오래도록 온기가 남는 소설. 안 읽은 사람은 당장 사라는 독자 후기에 공감하게 될 것이다."
2030_소설,5,혼모노,성해나,창비,16200,"진짜란 무엇인가. 젊은작가상+이효석문학상.","가짜가 넘쳐나는 시대에 진짜를 묻는 단편집.","가성비, 효율, 편의. 우리 시대가 추구하는 가치다. 그 과정에서 진짜는 얼마나 남았을까? 성해나의 단편집 혼모노는 바로 그 질문을 던진다. 표제작에서 삼십 년간 무당이었던 문수에게 신이 떠난다. 신이 떠난 무당은 가짜일까? 진짜였던 시간은 사라지는 걸까? 각 단편마다 대비되는 인물들이 링 위에 올라 충돌한다. 진짜 무당과 가짜 무당, 자기중심적 시아버지와 타이거 마더인 며느리. 그 충돌의 순간에 작가의 신명이 터진다. 젊은작가상과 이효석문학상을 동시에 받은 건 이런 에너지 때문이다. 이 책이 2030에게 매력적인 이유는, 가짜를 추구해온 우리의 일상을 사정없이 꼬집으면서도, 날카로움 속에 유머가 있기 때문이다. 한국 문학의 새로운 목소리를 경험하고 싶다면 이 단편집부터 시작하라."
2030_소설,6,안녕이라 그랬어,김애란,문학동네,15120,"이별과 상실. 한국 문학 대표 감성.","김애란의 문장은 위로 그 자체. 이해받았다는 느낌.","김애란은 한국어로 슬픔을 가장 아름답게 쓰는 작가다. 이 장편소설에는 거창한 사건이 없다. 이별하고, 상실하고, 그래도 내일 출근하는 사람들의 이야기. 그런데 왜 읽다가 울컥할까. 김애란의 문장은 일상의 작은 균열을 통해 마음을 건드리는 힘이 있다. 안녕이라는 인사가 만남에도 이별에도 쓰인다는 것. 그 이중성이 이 소설의 핵심이다. 2030이 이 책을 읽어야 하는 이유는, 우리 세대의 상실이 거대한 비극이 아니라 일상의 작은 틈새에서 찾아오기 때문이다. 그 틈새를 김애란만큼 정확하게 포착하는 작가는 드물다. 읽고 나면 위로받았다는 느낌보다, 이해받았다는 느낌이 든다. 그것이 김애란 문학의 핵심이고, 이 소설이 오래 사랑받는 이유다."
2030_소설,7,죽은 왕녀를 위한 파반느,박민규,위즈덤하우스,18000,"한국 소설 문체의 기념비. 양장 특별판.","한국어가 이렇게 아름다울 수 있다는 걸 보여주는 소설.","박민규의 문장을 처음 만나면 당황할 수 있다. 이런 문체는 처음이니까. 길고, 독특하고, 리듬이 있다. 그런데 한 편을 다 읽으면 중독된다. 거대한 슬픔을 이렇게 아름답게 표현할 수 있다니. 이 연작소설집은 한국 소설의 문체적 가능성을 한 단계 올렸다는 평가를 받는다. 양장 특별판으로 재출간되면서 새 독자들이 유입되고 있는 건, 이 작품이 시간이 지나도 힘을 잃지 않는다는 증거다. 2030에게 추천하는 이유는, 우리가 한국어의 아름다움을 일상에서 잊고 살기 때문이다. 카톡과 슬랙의 짧은 메시지에 익숙해진 눈에, 박민규의 문장은 한국어가 가진 원래의 힘을 보여준다. 소장 가치까지 높은 양장본으로, 책장에 꽂아두고 가끔 꺼내 읽으면 좋다."
2030_소설,8,시간관리국,캘리앤 브래들리,비채,17820,"시간 관리 비밀 기관. 로맨스 판타지.","시간+사랑의 매력적 조합. 바쁜 일상의 달콤한 탈출구.","시간을 관리하는 비밀 기관이 있다면? 시간관리국이라는 매력적인 설정 위에 펼쳐지는 로맨스 판타지. 가볍게 읽기 좋으면서도 시간의 의미를 생각하게 만드는 이중적 매력이 있다. 바쁘게만 돌아가는 일상에서, 잠깐 멈춰서 시간이란 뭘까 생각해본 적 있는가. 되돌리고 싶은 순간, 멈추고 싶은 순간, 빨리 보내고 싶은 순간. 이 소설은 그런 보편적 욕망을 판타지로 풀어낸다. 2030에게 이 책은 달콤한 탈출구다. 무거운 소설에 지쳤을 때, 일상이 반복처럼 느껴질 때, 가볍지만 여운 있는 이야기가 필요할 때."
2030_소설,9,약속의 세대,백온유,문학동네,16200,"세대 간 약속과 연대. 문학동네 신예.","우리가 바로 그 약속의 세대이기 때문에 지금 읽어야 한다.","문학동네가 주목하는 신예 백온유의 소설은 세대 간 약속이라는 주제를 정면으로 다룬다. 부모 세대가 우리에게 남긴 약속, 우리가 다음 세대에게 물려줄 약속. 그 약속은 지켜지고 있는가, 아니면 이미 깨졌는가. 2030이 이 책에 공감하는 이유는, 우리가 바로 그 약속의 당사자이기 때문이다. 부모 세대의 희생과 기대 사이에서, 자기 삶의 방향을 찾아가는 인물들의 이야기가 우리의 현실과 겹친다. 신예 작가 특유의 날것 같은 에너지가 이 소설을 더욱 생생하게 만든다."
2030_소설,10,모순,양귀자,쓰다,11700,"1998년작 26년째 역주행. 25세 여성의 삶.","역주행에는 이유가 있다. 모순투성이 삶에 공감한다면.","1998년에 출간된 소설이 왜 2026년에도 팔릴까? 답은 간단하다. 25살 여성의 연애와 결혼 고민이 26년이 지나도 똑같기 때문이다. 시장에서 내복을 파는 억척 어머니, 행방불명인 아버지, 조폭이 꿈인 동생. 이 가족 배경 위에서 안진진은 두 남자 사이에서 저울질한다. 양귀자의 문체는 세련되고 빠르다. 하루만에 완독하는 사람이 속출하는 이유다. 그런데 빠르게 읽히면서도 마음에 남는 게 있다. 삶은 모순투성이고, 그 모순을 이해하는 데는 시간이 걸린다는 것. 한국문학계 최고의 역주행작이라는 타이틀은 그냥 붙은 게 아니다. 2030에게 이 책이 매력적인 이유는, 결론이 깔끔하지 않은 삶을 있는 그대로 보여주기 때문이다. 도무지 이해가 안 되는 인생 앞에서 위로를 얻고 싶다면, 이 11700원짜리 얇은 소설을 펼쳐보라."
2030_경제,1,연금 부자 수업,박곰희,인플루엔셜,18900,"4개 절세 통장으로 월 300만원. 투자 초보 OK.","20대에 연금? 빠를수록 유리하다. 95만 유튜버의 실전 로드맵.","20대에 연금 이야기를 하면 이르다는 반응이 먼저 온다. 하지만 복리의 마법은 시간이 길수록 강력하다. 25살에 시작한 사람과 35살에 시작한 사람의 격차는 상상 이상이다. 박곰희는 95만 유튜버이자 전직 PB다. 수백억 자산가의 포트폴리오를 관리하던 경험을 바탕으로, 4개의 절세 통장으로 월 300만원을 만드는 로드맵을 구체적으로 제시한다. 4% 룰로 30년 이상 현금흐름을 유지하는 법, 월 50만원부터 200만원까지 투자 여력별 포트폴리오, 세금 최적화 전략까지. 이 책이 다른 재테크 서적과 다른 점은 진짜 따라할 수 있다는 것이다. 3억으로 노후가 가능한지, 55세에 시작해도 늦지 않은지 같은 절실한 질문에 현실적으로 답한다. 2030이 지금 이 책을 읽어야 하는 이유는 단 하나. 시간이라는 가장 강력한 무기를 가진 세대이기 때문이다."
2030_경제,2,코스피 1만 넥스트 레벨,박시동,지와인,19800,"코스피 1만 시대 투자 전략서.","설명 천재 박시동의 실전 투자법.","코스피가 6000을 넘었고 1만 시대가 눈앞이다. 이 전례 없는 시장에서 어떻게 투자해야 할까? 골디락스 경제연구소 소장 박시동은 설명 천재라 불린다. 어려운 경제 개념을 생활 언어로 풀어내는 능력이 탁월하다. 이 책은 종목 선택의 원칙, 매매 타이밍, 포트폴리오 관리까지 투자의 전 과정을 원칙 중심으로 안내한다. 뉴스에 흔들리지 않는 투자, 감정이 아닌 원칙으로 하는 투자. 2030에게 매력적인 점은, 투자를 처음 시작하는 사람도 이해할 수 있는 언어로 쓰여 있다는 것이다. 주식 앱만 깔아놓고 뭘 해야 할지 모르겠다면, 이 책이 첫 번째 교과서가 될 수 있다."
2030_경제,3,돈의 방정식,모건 하우절,서삼독,25200,"부=가진 것-원하는 것. 돈의 심리학 후속.","돈에 대한 관점을 완전히 바꿔주는 21가지 이야기.","돈의 심리학이 돈을 모으는 마음의 작동을 다뤘다면, 후속작 돈의 방정식은 돈을 쓰는 지혜를 다룬다. 부=가진 것-원하는 것이라는 공식은 단순하지만 강력하다. 더 많이 가진 게 아니라 덜 원하는 게 부라는 역발상. 21가지 이야기를 통해 모건 하우절은 돈을 지위의 도구가 아닌 삶의 도구로 다루는 법을 알려준다. 순간적 행복이 아닌 지속적 만족을 추구하라는 메시지가 핵심이다. 2030이 이 책에 끌리는 이유는, 우리가 돈으로 행복을 사려다 실패하는 경험을 반복하고 있기 때문이다. 명품백/해외여행/맛집이 잠깐의 행복을 주지만 지속되지 않는 이유를 이 책이 설명해준다."
2030_경제,4,환율의 대전환,오건영,,,"환율과 자산. 30대 남성 1위. eBook 1위.","거시경제 입문의 정석. 환율이 왜 중요한지 모르겠다면 더 읽어야 할 이유.","부의 대이동 50만 독자가 기다린 오건영의 신작이다. 환율이라는 주제가 어렵게 느껴질 수 있지만, 오건영만큼 거시경제를 쉽게 풀어내는 저자는 드물다. 환율 변동 하나가 내 월급의 실질 가치를 바꾸고, 해외 투자 수익률을 결정하고, 물가를 움직인다. 달러에 투자하든 해외 ETF를 사든, 환율을 모르면 수익이 환율에 먹힌다. 30대 남성 독자 1위, eBook 분야 1위를 기록한 건, 이 세대가 환율의 중요성을 체감하고 있다는 증거다. 2030에게 이 책이 매력적인 이유는, 거시경제라는 거대한 그림을 이해하면 개인의 재무 전략이 완전히 달라지기 때문이다. 나무가 아닌 숲을 보는 눈을 길러주는 책."
2030_경제,5,자본주의 시대 최소한의 경제 공부,백억남,하이스트,25200,"경제 기초 입문서.","경제 뉴스가 외국어처럼 들린다면 여기서 시작.","경제 뉴스를 보면 금리/환율/GDP/인플레이션 같은 용어가 쏟아진다. 알 것 같으면서도 설명하라면 못 하는 개념들. 백억남은 유튜브에서 이런 개념을 쉽게 풀어내며 인기를 얻은 경제 크리에이터다. 이 책은 자본주의라는 시스템이 어떻게 작동하는지, 그 안에서 돈은 어떻게 흐르는지를 설명한다. 금리가 오르면 왜 집값이 변하는지, 내 월급은 왜 물가를 따라가지 못하는지. 돈의 흐름을 읽는 눈이 생기면 세상이 다르게 보인다. 2030에게 이 책이 필요한 이유는 경제 문맹이 곧 자산 문맹이 되는 시대이기 때문이다. 재테크 책을 읽기 전에 이 책으로 기초를 다지면 모든 경제서의 이해도가 달라진다."
2030_경제,6,"1,000만원으로 월배당 300만원",인생업,경이로움,20700,"소액 월배당 포트폴리오 구축.","구체적 종목과 비율까지 안내하는 실전형.","월급 외 현금흐름을 만들고 싶은 2030에게 가장 현실적인 가이드다. 1000만원으로 바로 월 300만원이 나오는 건 아니다. 복리와 시간이 핵심이다. 하지만 이 책의 매력은 구체적이라는 데 있다. 어떤 종목에, 어떤 비율로, 언제 사야 하는지까지 알려준다. 막연한 투자론이 아니라 당장 따라할 수 있는 실행서. 월배당 ETF와 개별 종목을 조합해 매달 현금이 들어오는 구조를 만드는 법을 단계별로 안내한다. 2030이 이 책에 끌리는 이유는, 월급만으로는 불안한 시대에 두 번째 현금흐름을 만드는 구체적 방법을 알려주기 때문이다."
2030_경제,7,나의 첫 월배당 ETF,김정란,토네이도,19800,"ETF 입문~포트폴리오 구성.","ETF가 뭔지 모르겠다면 이 책이 딱이다.","주식은 무섭고 예금은 답답하다. 그 사이에 ETF가 있다. ETF는 여러 종목을 묶어놓은 바구니인데, 월배당 ETF는 매달 배당금이 나온다. 이 책은 ETF가 뭔지부터 시작해서, 어떤 ETF를 골라야 하는지, 어떻게 포트폴리오를 구성하는지까지 초보자 눈높이에서 안내한다. 이미 투자를 하고 있는 사람에게는 쉬울 수 있지만, 처음 시작하는 사람에게는 이보다 친절한 입문서가 없다. 적은 돈으로 시작해서 매달 배당금 받는 구조를 경험하면, 돈이 돈을 버는 시스템을 체감하게 된다. 2030이 투자의 첫걸음을 떼기에 최적."
2030_경제,8,박태웅의 AI 강의 2026,박태웅,한빛비즈,20700,"AI 시대 비즈니스 트렌드.","걱정 대신 이 책을 읽어라. AI 시대에 살아남는 법.","AI가 내 일자리를 대체할까? 이 질문에 막연한 불안만 느끼고 있다면, 걱정하는 시간에 이 책을 읽는 게 낫다. 박태웅은 에이전틱 AI, 피지컬 AI, AI 에이전트 등 2026 최신 트렌드를 비즈니스 관점에서 해설한다. 기술 자체보다 기술이 만드는 변화에 초점을 맞춘다. AI 시대에 살아남는 건 코딩을 아는 사람이 아니라 변화를 읽는 사람이다. 2030에게 이 책이 필요한 이유는, AI를 두려움의 대상이 아닌 기회의 도구로 바꾸는 시각을 제공하기 때문이다."
2030_경제,9,진보를 위한 주식투자,이광수,21세기북스,19800,"가치관과 투자의 양립.","돈을 벌면서도 세상을 바꾸는 방법.","투자를 하면서 양심의 가책을 느낀 적 있는가? 환경을 파괴하는 기업에 투자하는 건 아닌지, 내 수익이 누군가의 손해인 건 아닌지. 이 책은 진보적 가치관과 투자가 양립할 수 있다고 말한다. ESG 투자, 사회적 책임 투자라는 새로운 관점으로, 돈을 벌면서도 세상을 좋은 방향으로 움직이는 방법을 제시한다. 2030에게 매력적인 이유는, 우리 세대가 수익만큼이나 가치를 중시하기 때문이다. 돈을 벌되 나쁜 방법으로 벌고 싶지 않은 사람들을 위한 투자 가이드."
2030_경제,10,트렌드 코리아 2026,김난도 외,미래의창,,"2026 소비 키워드 10가지. 5주 연속 1위.","취준생이든 현직자든 소비 트렌드를 알면 기회가 보인다.","매년 연초에 이 책을 안 읽으면 1년이 불안하다는 마케터가 있다. 과장이 아니다. 서울대 소비트렌드 분석센터가 데이터로 뽑아내는 10가지 키워드는, 그 해의 소비/문화/비즈니스 흐름을 관통한다. 기획서에 인용하기 좋고, 사업 아이디어를 찾는 데도 유용하다. 5주 연속 1위를 한 건, 그만큼 많은 직장인과 창업가가 필독서로 삼고 있다는 뜻이다. 2030에게 이 책이 매력적인 이유는, 트렌드를 읽는 눈이 곧 기회를 읽는 눈이기 때문이다."
2030_자기계발,1,완벽한 원시인,자청,필로틱,19800,"15개 뇌 리셋 버튼 5단계. 출간 즉시 1위.","번아웃된 2030에게 가장 필요한 처방전.","역행자 100만부의 자청이 4년 만에 돌아왔다. 이번엔 성공 공식이 아니라 작동 원리를 다룬다. 핵심 주장은 이것이다. 우리 뇌는 10만 년 전에 설계됐는데 환경만 급변했다. 그래서 현대인의 뇌가 오작동한다. 해결책? 원시인이라면 했을 법한 것들로 돌아가는 것이다. 수면/물/호흡/빛/걷기/영양/운동 같은 기본값을 리셋하면, 의지력 없이도 상태가 바뀐다. 15개 버튼을 생존/항상성/성장/연결/초월 5단계로 정렬했고, 순서대로 누르면 뇌가 제 성능을 되찾는다. 이 책이 2030에게 특별한 이유는, 번아웃/우울/무기력의 원인이 의지 부족이 아니라 상태 부족이라는 관점을 제시하기 때문이다. 3개월 후 아침이 달라진다는 독자 후기는, 의지보다 상태를 먼저 보게 한 이 책의 효과를 증명한다."
2030_자기계발,2,인생을 위한 최소한의 생각,"신영준, 고영성",상상스퀘어,17820,"거인들의 통찰로 삶의 중심 세우기.","풍요롭지만 공허한 시대를 사는 2030에게.","릴스 15초, 틱톡 60초에 익숙해진 우리의 사고력은 점점 얕아지고 있다. 이 책은 깊은 사유가 사라진 실질적 문맹의 시대에 경종을 울린다. 에픽테토스부터 쇼펜하우어까지, 수천 년간 검증된 거인들의 통찰을 빌려 삶의 중심을 세우는 최소한의 생각법을 제안한다. 핵심 메시지는 이것이다. 풍요는 삶을 편하게 만들 수 있지만, 삶에 의미를 부여하지는 못한다. 인류 역사상 가장 풍요로운 시대인데 왜 불안과 공허가 끊이지 않는가. 2030이 이 책에 공감하는 이유는 바로 이 역설 때문이다. 돈과 편의는 늘었는데 행복은 안 늘었다. 생각이 행동으로 옮겨질 때 비로소 삶의 일부가 된다는 저자의 주장은, 실천 없는 자기계발에 지친 세대에게 울림이 크다."
2030_자기계발,3,생각의 도약,도야마 시게히코,페이지2,16200,"사고의 틀을 깨는 기술.","기획자/마케터의 아웃풋을 한 단계 올려주는 책.","아이디어가 안 나오는 건 재능 부족이 아니라 사고법의 문제다. 일본의 사고력 전문가 도야마 시게히코가 기존 사고의 틀을 깨는 구체적 기술을 알려준다. 같은 정보를 보고도 다른 결론을 내는 사람들의 비밀은 사고의 도약에 있다. 기획서/보고서/콘텐츠를 만드는 2030 직장인이라면, 이 책이 아웃풋의 질을 바꿔줄 것이다. 막혀있던 생각의 물꼬가 트이는 경험을 할 수 있다."
2030_자기계발,4,집중력 죽이기,마크 티흐헬라르 외,서삼독,17100,"디지털 시대 집중력 회복.","하루 2시간의 집중이 8시간의 산만함을 이긴다.","알림음. 카톡. 인스타 피드. 유튜브 추천. 우리의 집중력은 매일 수백 번 끊긴다. 멀티태스킹이 유능함의 증거라고? 이 책은 그것이 함정이라고 말한다. 멀티태스킹은 뇌의 에너지를 낭비하고 생산성을 떨어뜨린다. 과학적으로 증명된 집중력 회복법과 딥워크 전략을 제시한다. 2030에게 이 책이 절실한 이유는, 스마트폰에 지배당하는 시간이 하루의 대부분이기 때문이다. 하루 2시간만 진짜 집중할 수 있다면, 나머지 6시간은 필요 없다. 집중력이 곧 경쟁력인 시대."
2030_자기계발,5,쓰는 만큼 내가 된다,리니,더퀘스트,16200,"글쓰기로 자기 발견.","기록하는 사람은 결국 방향을 찾는다.","인스타 스토리가 아니라 나만을 위한 글을 써본 적 있는가? 브런치든 노션이든 종이 일기장이든 상관없다. 매일 쓰는 습관은 자기 발견의 가장 강력한 도구다. 이 책은 거창한 작가 되기를 다루지 않는다. 나를 알아가는 글쓰기, 생각을 정리하는 글쓰기, 감정을 다루는 글쓰기. 2030에게 매력적인 이유는, 기록하는 사람과 아닌 사람의 차이가 시간이 지날수록 벌어지기 때문이다. 1년 후 돌아볼 때, 기록이 남아있는 사람만이 성장을 확인할 수 있다."
2030_자기계발,6,아주 작은 습관의 힘,제임스 클리어,비즈니스북스,16200,"매일 1% 복리 습관. 1500만부.","전 세계 1500만부. 인생 책으로 꼽는 사람이 가장 많은 자기계발서.","매일 1%만 나아지면 1년 후 37배가 된다. 과장이 아니라 복리의 수학이다. 반대로 매일 1%씩 나빠지면 1년 후 거의 0이 된다. 제임스 클리어는 습관을 4단계(신호-열망-반응-보상)로 분해하고, 각 단계를 설계하면 의지력 없이도 좋은 습관이 자동으로 작동한다고 말한다. 이 책이 전 세계 1500만부 팔린 건, 실제로 효과가 있기 때문이다. 인생에서 가장 영향력 있었던 책으로 꼽는 독자가 압도적으로 많다. 2030에게 이 책이 필요한 이유는, 거창한 결심보다 아주 작은 변화가 인생을 바꾼다는 사실을 증명해주기 때문이다."
2030_자기계발,7,렛뎀 이론,멜 로빈스,비즈니스북스,18000,"타인 통제 멈추기. 비교/두려움/의심 극복.","이 한 마디가 인간관계 스트레스를 확 줄여준다. 렛뎀.","직장 상사가 나를 무시하는 것 같다. 친구가 약속을 자꾸 어긴다. 부모님이 내 선택을 이해 못 한다. 이 모든 스트레스의 공통점은 타인을 통제하려는 데서 온다. 멜 로빈스의 렛뎀 이론은 단순하다. 그냥 놔둬라. 타인의 행동과 생각은 내 통제 밖이다. 이 깨달음 하나가 인간관계 에너지 소모를 획기적으로 줄여준다. 비교를 멈추고, 두려움을 극복하고, 자기 의심에서 벗어나는 실전 도구를 제공한다. 2030에게 이 책이 매력적인 이유는, 우리 세대가 SNS를 통해 끊임없이 비교하고 평가받는 환경에 노출되어 있기 때문이다."
2030_자기계발,8,더 시스템,스콧 애덤스,베리북,16200,"목표 대신 시스템. 딜버트 창시자.","목표에 지친 2030에게. 매일의 시스템이 결국 인생을 바꾼다.","새해 목표 세우고 2월에 포기한 경험? 누구나 있을 것이다. 딜버트 만화를 만든 스콧 애덤스는 목표를 세우지 말라고 말한다. 대신 시스템을 세우라고. 살 10kg 빼기는 목표다. 매일 30분 걷기는 시스템이다. 목표는 달성하기 전까지 실패 상태지만, 시스템은 매일 실행하는 순간 성공이다. 이 역발상이 목표 중독에서 벗어나게 해준다. 2030에게 이 책이 매력적인 이유는, 우리가 목표를 세우고 달성하지 못해 자괴감에 빠지는 패턴을 반복하고 있기 때문이다. 시스템으로 전환하면 매일이 성공의 연속이 된다."
2030_자기계발,9,딱 1년만 미쳐라,리치파카,모티브,17820,"1년 몰입으로 인생 전환.","방향은 나중에 정해도 된다. 일단 몰입의 경험부터.","뭘 해야 할지 모르겠다는 2030이 많다. 이 책의 답은 의외로 단순하다. 방향은 나중에 정해도 된다. 일단 1년만 미쳐봐라. 뭐든 좋다. 몰입의 경험이 먼저 있어야 방향이 보인다. 동기부여에서 끝나는 책이 아니라 실천 전략까지 제시하는 게 이 책의 차별점이다. 행동력이 부족한 게 아니라 시작의 용기가 부족한 거라는 메시지가 2030의 등을 밀어준다."
2030_자기계발,10,뇌는 어떻게 나를 조종하는가,크리스 나이바우어,클랩북스,16920,"좌뇌 해석자의 자아 환상.","내가 나를 속이고 있었다는 깨달음.","내가 내린 결정이 정말 내 결정이었을까? 이 책은 좌뇌의 해석자라는 존재를 소개한다. 좌뇌는 끊임없이 이야기를 지어낸다. 일어난 일에 이유를 붙이고, 패턴을 만들고, 나라는 자아를 구성한다. 문제는 그 이야기가 종종 거짓이라는 것. 자기 비난, 불안, 강박의 상당 부분이 좌뇌가 지어낸 허구일 수 있다. 이걸 알게 되면 불필요한 감정적 고통에서 벗어날 수 있다. 2030에게 이 책이 매력적인 이유는, 자기 이해의 새로운 차원을 열어주기 때문이다. 심리학보다 깊고, 철학보다 실용적인 뇌과학 자기이해서."
2030_에세이,1,엄마와 딸들의 미친년의 역사,이랑,이야기장수,16020,"언니의 소진사에서 출발한 여성 가족사. 종합 4위.","슬픔의 역사이면서 동시에 사랑의 기록.","2021년 12월, 이랑의 언니가 죽었다. 이랑은 그것을 자살이 아닌 소진사라 부른다. 사회와 가족 속에서 자신을 모두 소진한 결과라는 뜻이다. 이 책은 거기서 출발한다. 가난과 폭력과 남아선호 속에서 이어져 온 여성들의 삶을 집요하게 파고든다. 엄마와 딸, 그 위 세대까지 이어지는 상처는 개인의 문제가 아니라 구조의 결과다. 일본과 대만에서 먼저 출간된 후 국내에 역수입된 건, 이 이야기가 한국만의 것이 아니기 때문이다. 비약하는 논리, 생경한 언어. 이 책은 정돈된 에세이가 아니다. 미친년의 언어로 쓰인 미친년의 역사다. 2030이 이 책을 읽어야 하는 이유는, 우리 엄마의 이야기이고, 할머니의 이야기이고, 어쩌면 내 이야기이기 때문이다."
2030_에세이,2,사랑이 있으니 살아집디다,"유시민, 김세라",은빛,16200,"유시민과 딸의 세대를 넘는 대화.","부모님과 대화가 어려운 2030에게 다리가 되어줄 책.","아버지와 딸이 삶과 사랑과 죽음에 대해 이렇게 솔직하게 대화할 수 있다니. 유시민 작가와 딸 김세라가 같은 주제를 각자의 세대 시선으로 풀어낸다. 같은 단어도 세대에 따라 전혀 다른 의미를 가진다는 걸 이 대화가 보여준다. 2030에게 이 책이 매력적인 이유는, 부모님과의 대화가 어려운 우리에게 소통의 모델을 보여주기 때문이다. 완벽한 부녀가 아니라 서로 다르기에 더 풍요로운 대화의 가능성을 경험하게 된다."
2030_에세이,3,정답은 있다,이정효,다산북스,16200,"축구 감독의 리더십+인생 철학.","빙빙 돌리지 않는 직설. 방황하는 2030에게 확신을 주는 책.","수원 삼성 감독 이정효는 빙빙 돌리지 않는다. 튀는 행동과 직설적 화법으로 주목받는 인물이 처음으로 책을 냈다. 축구 전술가의 이야기지만 핵심은 리더십과 인생이다. 정답은 있다는 제목 자체가 이 사람의 철학이다. 방황하는 2030에게 이 확신이 필요할 수 있다. 모든 것이 불확실한 시대에 정답은 있다고 말하는 사람이 있다는 것만으로도 위안이 되니까."
2030_에세이,4,느슨한 균형,쑥,위즈덤하우스,17100,"완벽하지 않아도 괜찮다.","숨 좀 쉬고 싶은 2030에게.","완벽해야 한다는 강박이 어디서 왔는지 생각해본 적 있는가. SNS에서 보는 남들의 삶은 언제나 완벽해 보인다. 운동도 하고, 공부도 하고, 여행도 가고, 맛집도 다닌다. 그런데 나는 왜 아무것도 못 하고 있는 것 같을까. 이 에세이는 느슨해도 괜찮다고 말한다. 완벽한 균형이 아니라 느슨한 균형. 적당히 하고, 적당히 쉬고, 적당히 만족하는 삶도 충분히 좋은 삶이라고. 2030이 이 책에 끌리는 이유는, 사회가 요구하는 완벽함에 지쳐있기 때문이다."
2030_에세이,5,행복할 거야 이래도 되나 싶을 정도로,일홍,부크럼,16200,"행복=과정. 누적 10만부.","올해 가장 많이 선물된 책.","행복은 성취가 아니라 과정이다. 이 문장이 이 책의 전부다. 거창한 성공이 아니라 일상의 작은 순간에서 행복을 발견하는 법. 아침에 마시는 커피 한 잔, 산책길에 만난 꽃, 아무것도 하지 않는 오후의 여유. 10만 부가 팔린 건 그만큼 많은 사람이 이 위로가 필요했다는 뜻이다. 올해 가장 많이 선물된 책이라는 독자 후기가 인상적이다. 2030에게 이 책이 매력적인 이유는, 행복의 기준을 바꿔주기 때문이다. 연봉/집/차가 행복의 조건이 아니라, 지금 이 순간을 어떻게 보내느냐가 행복이라는 관점의 전환."
2030_에세이,6,쓰는 만큼 내가 된다,리니,더퀘스트,16200,"쓰는 습관이 나를 만든다.","기록하는 사람은 결국 방향을 찾는다.","매일 기록하는 사람과 아닌 사람의 차이는 1년이 지나면 명확해진다. 기록한 사람은 성장을 확인할 수 있고, 안 한 사람은 시간만 흘러간 느낌이다. 이 책은 거창한 작가 되기가 아니라, 나를 알아가는 글쓰기를 다룬다. 노션에 한 줄이든, 일기장에 세 줄이든, 쓰는 만큼 내가 선명해진다. 2030에게 매력적인 이유는, 정보 과잉 시대에 자기 생각을 정리하는 능력이 곧 경쟁력이기 때문이다."
2030_에세이,7,불안,알랭 드 보통,은행나무,16200,"지위 불안의 철학적 탐구.","20년 전에 쓰인 책인데 지금 읽어야 할 이유가 더 많아졌다.","인스타에서 동기가 해외 출장 가는 사진을 올렸다. 갑자기 내 삶이 초라해 보인다. 이 감정의 정체가 뭘까. 알랭 드 보통은 이것을 지위 불안이라 부른다. 사회적 지위에 대한 불안의 기원을 철학적으로 파고든다. 2003년에 쓴 책인데, SNS 시대인 지금 읽으면 더 절실하다. 비교의 채널이 기하급수적으로 늘었기 때문이다. 2030에게 이 책이 매력적인 이유는, 불안의 정체를 이해하면 조금은 자유로워질 수 있기 때문이다."
2030_에세이,8,어른의 행복은 조용하다,태수,페이지2,16020,"단단한 일상적 행복.","20대의 열정이 지나고 30대의 현실이 찾아올 때.","20대에는 화려한 행복을 꿈꾼다. 여행/파티/성취의 행복. 30대가 되면 조금 달라진다. 퇴근 후 집에서 보내는 조용한 시간, 주말 아침의 여유, 오래된 친구와의 점심. 화려하지 않지만 단단한 행복이 있다. 이 에세이는 그런 어른의 행복을 그린다. 2030에게 이 책이 매력적인 이유는, 행복의 정의가 나이와 함께 변한다는 걸 미리 보여주기 때문이다."
2030_에세이,9,구원에게,정영욱,부크럼,16200,"사랑/이별/일상의 감성 에세이.","큰 위로가 아니라 작은 공감이 필요한 밤에.","사랑하고, 이별하고, 다시 일상으로 돌아오는 감정의 결을 잔잔하게 따라가는 에세이다. 이 책은 큰 깨달음을 주지 않는다. 대신 작은 공감을 준다. 아, 나도 그랬는데. 그 한마디가 필요한 밤이 있다. 2030에게 이 책이 매력적인 이유는, 감정을 정리할 시간이 부족한 우리에게 잠시 멈춰서 마음을 들여다볼 여유를 주기 때문이다."
2030_에세이,10,소년과 두더지와 여우와 말,찰리 맥커시,상상의힘,19800,"네 친구의 인생 대화. 1000만부.","5분이면 읽지만 평생 기억에 남는다.","가장 용감한 것은 도움을 구하는 것이다. 이 한 문장에 울었다는 후기가 수천 개다. 소년과 두더지와 여우와 말, 네 친구의 대화는 단순하다. 그런데 그 단순함이 심장을 찌른다. 아름다운 그림과 짧은 문장으로 구성된 이 책은 5분이면 읽을 수 있다. 하지만 그 5분이 평생 기억에 남는다. 전 세계 1000만 명의 마음을 어루만진 이유가 있다. 2030에게 이 책이 매력적인 이유는, 힘든 친구에게 선물하기에 이보다 완벽한 책이 없기 때문이다."
2030_인문,1,살면서 한번은 벽돌책,장강명,글항아리,17550,"벽돌책 100권 감상록.","유튜브 요약본으로 책을 대신하고 있다면 경종을 울릴 책.","15분짜리 유튜브 요약으로 책 한 권을 안 셈 치는 시대다. 하지만 장강명은 700쪽짜리 벽돌책을 읽어야 하는 이유가 있다고 말한다. 중단 없는 연속적 사유. 생각들이 서로 충돌하고 보완하며 만들어내는 통합적 통찰은 요약본에서는 절대 얻을 수 없다. 10년간 벽돌책 100권을 읽은 작가의 감상록은 동시에 고전 입문 가이드다. 어떤 벽돌책을 먼저 읽을지 모르겠다면 이 책이 안내해준다. 2030에게 이 책이 매력적인 이유는, 깊이 있는 사유의 경험이 점점 희귀해지고 있기 때문이다."
2030_인문,2,위버멘쉬,니체,RISE(떠오름),16020,"낙타-사자-어린이 3단계 자기극복.","남들이 정한 기준에 맞춰 살다 지쳤다면 니체를 읽을 때.","좋은 대학, 좋은 직장, 좋은 배우자. 사회가 정한 기준에 맞춰 살다 보면 문득 묻게 된다. 이게 내 삶인가? 니체가 150년 전에 던진 질문이 바로 이것이다. 위버멘쉬는 초인이 아니다. 사회의 짐을 지고 묵묵히 걷는 낙타에서, 그것에 반항하는 사자로, 다시 새롭게 놀이하듯 가치를 창조하는 어린이로. 이 3단계가 니체의 자기 극복 여정이다. 2030에게 이 책이 매력적인 이유는, 타인의 기준이 아닌 자기 삶의 가치를 스스로 만드는 사람이 되고 싶기 때문이다. 삶을 놀이처럼 긍정하라는 니체의 메시지가 지금 우리에게 필요하다."
2030_인문,3,뇌는 어떻게 나를 조종하는가,크리스 나이바우어,클랩북스,16920,"좌뇌 해석자의 자아 환상.","심리학보다 깊고 철학보다 실용적인 뇌과학 자기이해서.","자기 비난이 습관인 사람이 있다. 왜 난 이것밖에 못 할까, 왜 난 항상 이러지. 이 책은 그 목소리의 정체를 알려준다. 좌뇌의 해석자다. 좌뇌는 일어난 일에 끊임없이 이유를 붙이고 이야기를 만든다. 문제는 그 이야기가 종종 거짓이라는 것. 이 메커니즘을 이해하면 불필요한 자기 비난과 불안에서 벗어날 수 있다. 2030에게 이 책이 매력적인 이유는, 나를 이해하는 새로운 렌즈를 제공하기 때문이다."
2030_인문,4,사피엔스,유발 하라리,김영사,24120,"인류 25만년. 2500만부.","이 책을 안 읽었다면 교양의 가장 큰 구멍을 메울 기회.","2500만 부가 팔린 데는 이유가 있다. 인류 25만 년의 역사를 인지혁명, 농업혁명, 과학혁명이라는 3개의 축으로 관통하는 시야는 다른 어떤 책에서도 경험하기 어렵다. 읽고 나면 뉴스가 다르게 보이고, 세상이 다르게 읽힌다. 우리가 당연하게 여기는 것들, 돈/종교/국가/법률이 모두 허구의 산물이라는 하라리의 주장은 충격적이면서도 설득력 있다. 2030에게 이 책이 매력적인 이유는, 세상을 보는 근본적인 프레임을 바꿔주기 때문이다."
2030_인문,5,사랑의 기술,에리히 프롬,문예출판사,15300,"사랑은 기술. 34개 언어 번역.","1956년에 쓰인 책인데 틴더 시대에 더 절실하다.","사랑에 실패하면 상대 탓을 한다. 인연이 아니었다고. 프롬은 그게 아니라고 말한다. 사랑은 운이 아니라 기술이다. 배워야 한다. 보호/책임/존경/지식, 이 4가지를 갖춰야 진정한 사랑이 가능하다. 1956년에 쓴 책인데 틴더와 소개팅 앱의 시대에 더 절실하다. 관계가 쉽게 시작되고 쉽게 끝나는 시대에, 진짜 사랑이 무엇인지 묻는다. 2030에게 이 책이 매력적인 이유는, 연애만 반복하고 사랑은 못 하는 우리에게 근본적인 답을 주기 때문이다."
2030_인문,6,인류학자처럼 생각하는 법,매슈 엥글키,오월의봄,23400,"인류학적 사고로 세상을 새롭게.","익숙한 것을 낯설게 보는 힘. 마케터/크리에이터의 무기.","당연한 것을 당연하지 않게 보는 힘. 인류학의 핵심이다. 왜 한국인은 밥을 먹으면서 TV를 볼까? 왜 회사에서는 정장을 입을까? 당연해 보이는 것들에 왜라는 질문을 던지면 새로운 세계가 열린다. 마케터/기획자/크리에이터라면 이 사고법이 강력한 무기가 된다. 소비자의 행동을 낯선 눈으로 보는 순간, 다른 사람이 놓치는 인사이트를 발견하게 되니까. 2030에게 이 책이 매력적인 이유는, 관점의 전환이 가장 강력한 경쟁력인 시대이기 때문이다."
2030_인문,7,빅터 프랭클의 죽음의 수용소에서,빅터 프랭클,청아출판사,10800,"나치 수용소 생존. 1200만부.","인생의 벽에 부딪혔을 때 바닥에서 올려다보는 빛.","삶의 의미를 찾는 자는 어떤 고통도 견딘다. 나치 수용소에서 가족을 잃고 극한의 고통 속에서도 살아남은 정신과 의사 빅터 프랭클의 이 문장은 70년이 지나도 유효하다. 이 책은 고통의 기록이면서 동시에 희망의 기록이다. 인간은 어떤 상황에서도 태도를 선택할 자유가 있다는 프랭클의 주장은 로고테라피(의미치료)의 기초가 되었다. 2030에게 이 책이 매력적인 이유는, 의미를 잃었을 때, 벽에 부딪혔을 때, 바닥에서 올려다보는 빛이 되어주기 때문이다."
2030_인문,8,쾌적한 사회의 불쾌함,구마시로 도루,생각지도,18900,"편리한 사회의 숨은 불쾌함.","쾌적함에 중독된 우리 세대가 꼭 읽어야 할 사회철학서.","배달 앱으로 30분 만에 음식이 오고, 버튼 하나로 모든 게 해결되고, 불편한 건 즉시 차단할 수 있는 시대. 그런데 왜 불쾌함은 줄지 않을까? 오히려 늘어나는 것 같지 않은가? 구마시로 도루는 편리함이 만들어낸 새로운 불쾌함의 구조를 분석한다. 작은 불편도 참지 못하는 사회, 효율 뒤에 숨겨진 감정노동, 쾌적함 중독의 대가. 2030에게 이 책이 매력적인 이유는, 우리가 쾌적함을 당연시하며 놓치고 있는 것들을 자각하게 해주기 때문이다."
2030_인문,9,정의란 무엇인가,마이클 샌델,와이즈베리,16200,"하버드 명강의. 300만부.","철학이 이렇게 재미있을 수 있다니.","트롤리 딜레마를 아는가? 기차가 5명을 향해 달려오는데 레버를 당기면 1명만 죽는다. 당기겠는가? 이 질문 하나로 시작하는 샌델의 강의는 전 세계를 사로잡았다. 공리주의/자유주의/공동체주의가 뭔지 몰라도 상관없다. 이 책은 일상의 사례로 정의를 묻는다. 300만 부가 팔린 건 철학이 이렇게 재미있을 수 있다는 걸 증명했기 때문이다. 면접 준비든, 세상 이해든, 토론 능력이든, 2030에게 이 책은 여러모로 유용하다."
2030_인문,10,니체의 초월자,니체,히읏,15210,"니체 원전 핵심 입문.","위버멘쉬와 함께 읽으면 니체가 완성된다.","위버멘쉬를 읽고 니체에 빠졌다면, 이 책으로 한 단계 더 들어가 보라. 니체 원전의 핵심만 추려낸 입문서로, 자기 극복과 초월의 철학을 더 깊이 탐구한다. 두 권을 함께 읽으면 니체가 왜 150년이 지나도 읽히는지 이해하게 된다. 2030에게 이 책이 매력적인 이유는, 자기 삶의 주인이 되겠다는 결심을 철학적으로 무장시켜주기 때문이다."
북스톤,1,영한 인생 사전,박솔미,북스톤,16920,"영어 단어로 풀어낸 인생 에세이. 2026년 3월 신간.","A부터 Z까지 영어 단어에 인생의 의미를 담은 사전형 에세이.","사전을 읽는 사람은 드물다. 하지만 이 사전은 다르다. A부터 Z까지 영어 단어 하나하나에 인생의 의미를 담았다. Ambition은 야망이 아니라 방향이 될 수 있고, Kindness는 친절이 아니라 용기일 수 있다. 익숙한 영어 단어가 낯선 의미로 다가올 때, 인생도 새롭게 읽힌다. 영어 공부가 아니라 삶의 공부. 2030에게 이 책이 매력적인 이유는, 짧은 글 하나하나가 독립적이라 출퇴근길에 한 단어씩 읽기 좋기 때문이다. 북스톤 특유의 감성과 깊이가 담긴 2026 신간."
북스톤,2,두 번째 지능,김상균,북스톤,21600,"AI를 두 번째 지능으로 삼는 법. 2026년 2월 신간.","AI 시대 내 역할을 재정의하고 싶은 2030 필독.","AI를 잘 쓰는 것과 AI와 협업하는 것은 다르다. 경희대 김상균 교수는 AI를 도구가 아닌 두 번째 지능으로 삼으라고 말한다. 첫 번째 지능이 인간 고유의 것이라면, 두 번째 지능인 AI를 활용하면 기존 한계를 넘어서는 메타적 지능의 단계로 진화할 수 있다. 핵심은 기술이 아니라 질문하는 능력이다. AI에게 좋은 질문을 던지는 사람이 좋은 답을 얻는다. 2030에게 이 책이 매력적인 이유는, AI 시대의 핵심이 코딩이 아니라 내 역할을 어떻게 다시 정의하느냐에 있다는 관점을 제시하기 때문이다."
북스톤,3,새들이 전하는 짧은 철학,"필리프 J. 뒤부아, 엘리즈 루소",북스톤,15300,"조류학자의 22편 삶의 단상. 2026년 2월 신간.","바쁘게만 달리는 우리에게 멈춤의 가치를 일깨우는 철학서.","날아오를 땐 날고, 멈출 땐 기다리는 새들. 조류학자의 눈으로 관찰한 새들의 삶에서 22편의 인생 철학을 끌어낸다. 먹이를 찾아 끊임없이 움직이는 새도 있고, 바람을 타고 유유히 떠 있는 새도 있다. 어떤 삶이 맞는 걸까? 정답은 없다. 때에 따라 날고 때에 따라 쉬는 것. 이 작고 아름다운 책은 삶의 무게를 덜어내는 방법을 자연에서 찾는다. 2030에게 이 책이 매력적인 이유는, 효율과 성과에 쫓기는 일상에서 잠시 멈춰도 괜찮다는 허락을 받는 느낌이기 때문이다."
북스톤,4,진짜 매출을 부르는 회계 감각,"김성호, 송승훈",북스톤,18000,"숫자로 비즈니스를 읽는 법. 2026년 2월 신간.","회계가 어려웠던 2030에게 실전 감각을 심어주는 책.","회계는 경리부서만의 일이라고? 그건 가장 비싼 착각이다. 매출이 늘어도 왜 돈이 없는지, 이익률이 뭔지, 현금흐름이 왜 중요한지. 이 감각이 없으면 사업을 해도, 직장에서 성과를 내도 숫자 앞에서 무력하다. 이 책은 회계를 재무제표 읽기가 아니라 비즈니스 감각으로 풀어낸다. 2030에게 이 책이 매력적인 이유는, 창업을 꿈꾸든 직장에서 인정받고 싶든 숫자 감각이 무기가 되는 시대이기 때문이다."
북스톤,5,2026 트렌드 노트,박현영 외,북스톤,18000,"2026 트렌드 키워드. 2025년 9월 출간.","트렌드 코리아와 함께 읽으면 시야가 두 배.","트렌드 코리아와는 다른 시각으로 2026을 읽는다. 현장 전문가 7인이 각자의 분야에서 직접 경험한 변화를 바탕으로 트렌드를 짚어낸다. 데이터 분석 중심의 트렌드 코리아와 현장 감각 중심의 트렌드 노트를 함께 읽으면 올해의 흐름이 입체적으로 보인다. 2030 마케터/기획자/창업가에게 이 책이 매력적인 이유는, 학문적 분석과 현장 감각의 교차점에서 실전 인사이트를 얻을 수 있기 때문이다."
북스톤,6,실패를 통과하는 일,박소령,북스톤,18000,"퍼블리 창업자 10년의 실패 기록. 2025년 9월 출간.","가장 솔직한 선배의 이야기.","유니콘 성공담이 아니다. 드라마틱한 엑시트 스토리도 아니다. 콘텐츠 스타트업 퍼블리를 10년간 이끌었던 박소령이 잘못된 선택과 그 결과를 가감 없이 기록했다. 실패를 두려움이 아닌 성찰의 기회로, 좌절이 아닌 성장의 과정으로 받아들일 때 우리는 비로소 자기 삶의 주인이 된다. 2030에게 이 책이 매력적인 이유는, 성공한 사람의 조언보다 실패한 사람의 솔직한 기록이 더 큰 배움을 주기 때문이다. 창업을 꿈꾸거나 커리어 전환을 고민하는 사람에게 가장 현실적인 선배의 이야기."
북스톤,7,감각의 설계자들,김양아,북스톤,20700,"유럽 미래 소비 비즈니스 32개 사례. 2025년 9월 출간.","마케터/공간기획자/브랜드 담당자 필독.","제품의 시대는 끝났다. 감각의 시대가 왔다. 유럽의 브랜드들은 오감을 정교하게 설계해 소비자와 관계를 구축한다. 파리의 혁신적 미식, 런던의 실험적 리테일, 암스테르담의 도시 실험, LVMH의 감각 전략까지 32개 사례를 직접 현장에서 취재했다. 감각 경험이 기억을 만들고, 기억이 재방문을 만들고, 재방문이 매출을 만든다. 2030 마케터/공간기획자/브랜드 담당자에게 이 책이 매력적인 이유는, 한국에서는 아직 낯선 감각 마케팅의 미래를 유럽 사례로 미리 볼 수 있기 때문이다."
북스톤,8,가장 젊은 날의 철학,이충녕,북스톤,16920,"실존주의 철학 입문. 2024년 11월 출간.","지금이 가장 젊은 날이라는 사실을 깨달으면 철학이 달라진다.","나를 제대로 바라보는 법은? 실패를 극복하는 법은? 관계에서 상처받지 않는 법은? 이 질문들에 실존주의 철학이 답한다. 실존주의라고 하면 어렵게 느껴지지만, 이 책은 삶의 구체적 질문에 철학을 연결한다. 지금이 가장 젊은 날이라는 단순한 사실을 깨달으면, 철학은 더 이상 고리타분하지 않다. 2030에게 이 책이 매력적인 이유는, 방황하는 순간에 철학이 손 내미는 경험을 할 수 있기 때문이다."
북스톤,9,좋은 기분,박정수(녹싸),북스톤,15300,"아이스크림 가게의 접객 철학. 2024년 1월 출간.","사람만이 줄 수 있는 환대. 모든 관계에 적용되는 태도의 책.","서울 마포구 염리동 아이스크림 가게 녹기 전에. 400가지가 넘는 메뉴를 만든 이 작은 가게의 사장 녹싸는 아이스크림이 아니라 좋은 기분을 판다. 채용공고에 함께 공유된 160페이지 접객 가이드가 화제가 되어 책으로 출간됐다. 제품과 공간을 넘어, 오로지 사람만이 줄 수 있는 의미 있는 환대에 대한 이야기. 2030에게 이 책이 매력적인 이유는, 서비스업이 아니더라도 모든 관계에서 좋은 기분을 만드는 태도를 배울 수 있기 때문이다."
북스톤,10,2025 트렌드 노트,신예은 외,북스톤,16200,"2025 트렌드 키워드. 2024년 10월 출간.","지난 1년을 복기하고 올해와 비교하면 변화의 방향이 보인다.","2026 트렌드 노트의 전작이다. 지난해 전문가들이 예측한 트렌드가 실제로 어떻게 전개됐는지 확인하고, 올해 트렌드 노트와 비교하면 변화의 방향성이 더 선명하게 보인다. 트렌드는 1년치만 보면 유행이고, 2년치를 연결하면 흐름이 된다. 2030에게 이 책이 매력적인 이유는, 시리즈로 읽을 때 트렌드를 읽는 눈 자체가 성장하기 때문이다."
