장르,순위,제목,저자,출판사,가격,써머리,추천사,이 책을 좋아해야 할 이유
소설,1,괴테는 모든 것을 말했다,스즈키 유이,리프,15300,"23세 아쿠타가와상 수상. 언어와 사랑의 본질. 7주 연속 1위.","문장의 힘을 믿는 모든 독자에게.","23세 대학원생 스즈키 유이가 아쿠타가와상을 받으며 등장했을 때 일본 문단은 에코와 보르헤스에 비견했다. 이 소설의 매력은 문장에 있다. 한 문장을 읽고 멈추게 되는 경험. 사랑의 본질을 탐구하면서도 무겁지 않고, 언어와 문학의 힘을 다루면서도 현학적이지 않다. 7주 연속 1위라는 기록은 같은 경험을 한 독자가 그만큼 많다는 증거다. 읽고 나면 괴테를 찾게 되고, 서점에서 문학 코너에 머무는 시간이 길어진다. 짧은 메시지에 익숙해진 시대에, 문장 하나가 마음을 흔드는 경험은 낯설지만 강렬하다. 올해 단 한 권만 읽겠다면 이 책이 그 한 권이 되어야 한다. 평점 8.0."
소설,2,프로젝트 헤일메리 (영화 특별판),앤디 위어,RHK,19800,"기억 잃고 우주에서 깨어난 과학교사의 지구 구하기. 평점 9.4.","SF를 안 좋아해도 읽어야 하는 소설.","이 책을 SF라고만 분류하면 손해다. 기억을 잃은 채 우주선에서 깨어난 평범한 과학교사가 외계인 록키와 우정을 쌓으며 지구를 구한다. 언어도 다르고 생김새도 다르고 호흡 방식마저 다른 존재와 소통하고 신뢰를 쌓는 과정이 감동적이다. 앤디 위어 특유의 유쾌한 문체도 빼놓을 수 없다. 과학적 문제를 풀어나가는 과정이 퀴즈쇼처럼 재미있고, 위기를 유머로 돌파하는 주인공에게서 힘을 얻게 된다. 빌 게이츠와 오바마가 추천했고 30개국 1위, 알라딘 평점 9.4는 역대급이다. 다름을 넘어선 연대가 무엇인지, 과학이 왜 아름다운지를 한 권으로 경험할 수 있다. 영화 개봉 전에 반드시 원작을 먼저 읽어라."
소설,3,죽은 왕녀를 위한 파반느 (양장 특별판),박민규,위즈덤하우스,18000,"한국 소설 문체의 기념비적 연작소설집.","한국어가 이렇게 아름다울 수 있다는 걸 보여주는 소설.","박민규의 문장을 처음 만나면 당황할 수 있다. 이런 문체는 처음이니까. 길고 독특하고 리듬이 있다. 그런데 한 편을 다 읽으면 중독된다. 거대한 슬픔을 이렇게 아름답게 표현할 수 있다니. 이 연작소설집은 한국 소설의 문체적 가능성을 한 단계 올렸다는 평가를 받는다. 양장 특별판으로 재출간되면서 새 독자들이 유입되고 있는 건 시간이 지나도 힘을 잃지 않는다는 증거다. 카톡과 슬랙의 짧은 메시지에 익숙해진 눈에 박민규의 문장은 한국어가 가진 원래의 힘을 보여준다. 소장 가치 높은 양장본으로 책장에 꽂아두고 가끔 꺼내 읽기 좋다."
소설,4,싯다르타,헤르만 헤세,민음사,7200,"깨달음을 찾는 영적 여정. 100년 넘게 읽히는 고전.","인생의 전환점에서 만나야 할 책.","싯다르타는 깨달음을 찾아 떠난다. 스승을 만나고 쾌락에 빠지고 사업을 하고 사랑을 한다. 그 모든 경험을 거쳐 강가에 도달했을 때 비로소 진리를 만난다. 100년 넘게 읽히는 이유는 이 여정이 모든 인간의 이야기이기 때문이다. 20대에 읽으면 열정을, 30대에 읽으면 회의를, 40대에 읽으면 평온을 발견한다. 7200원이라는 가격은 이 깊이에 비하면 거의 공짜다. 인생의 전환점에서 읽으면 방향이 보이는 책. 모든 것은 돌아온다는 마지막 깨달음이 가슴에 새겨진다."
소설,5,안녕이라 그랬어,김애란,문학동네,15120,"이별과 상실. 한국 문학 대표 감성.","김애란의 문장은 위로 그 자체.","김애란은 한국어로 슬픔을 가장 아름답게 쓰는 작가다. 이 장편소설에는 거창한 사건이 없다. 이별하고 상실하고 그래도 내일 출근하는 사람들의 이야기. 그런데 왜 읽다가 울컥할까. 김애란의 문장은 일상의 작은 균열을 통해 마음을 건드리는 힘이 있다. 안녕이라는 인사가 만남에도 이별에도 쓰인다는 이중성이 이 소설의 핵심이다. 우리의 상실은 거대한 비극이 아니라 일상의 작은 틈새에서 찾아온다. 그 틈새를 김애란만큼 정확하게 포착하는 작가는 드물다. 읽고 나면 위로받았다는 느낌보다 이해받았다는 느낌이 든다."
소설,6,자몽살구클럽,한로로,어센틱,10800,"네 여중생의 20일 유예 프로젝트. 1시간 완독.","얇지만 오래 남는 소설.","자살을 생각하는 네 명의 여중생이 자몽살구클럽을 만들고 서로에게 20일의 유예를 준다. 그 안에 살아갈 이유를 찾자고. 1시간이면 끝나지만 마지막 페이지를 넘기는 순간 시간이 멈춘다. 가장 빛나야 할 시절의 아이들이 겪는 슬픔이 너무 현실적이라서. 제목의 자몽과 살구는 신맛과 달콤함, 죽음 충동과 생의 의지를 동시에 품은 언어적 장치다. 싱어송라이터 한로로의 동명 EP와 함께 들으면 세계관이 확장된다. 주변에 조용히 힘들어하는 사람이 있다면 이 책을 건네보라. 거창한 해결책 대신 20일이라는 시간이 만드는 차이를 보여준다."
소설,7,모순,양귀자,쓰다,11700,"1998년작 26년째 역주행. 세련된 문체.","역주행에는 이유가 있다.","1998년 소설이 왜 2026년에도 팔릴까? 25살 여성의 연애와 결혼 고민이 26년이 지나도 똑같기 때문이다. 시장에서 내복 파는 억척 어머니, 행방불명인 아버지, 조폭이 꿈인 동생. 이 가족 배경 위에서 안진진은 두 남자 사이에서 저울질한다. 양귀자의 문체는 세련되고 빠르다. 하루만에 완독하는 사람이 속출하는 이유다. 빠르게 읽히면서도 마음에 남는 게 있다. 삶은 모순투성이고 그 모순을 이해하는 데는 시간이 걸린다는 것. 한국문학계 최고의 역주행작이라는 타이틀은 그냥 붙은 게 아니다."
소설,8,마션 (스페셜 에디션),앤디 위어,RHK,17820,"화성에 홀로 남겨진 우주비행사의 생존기.","과학 지식+유머의 완벽한 조합.","화성에 홀로 남겨진 우주비행사 마크 와트니. 감자를 재배하고 물을 만들고 화성 탐사 로버를 해킹해서 지구와 통신한다. 극한 상황을 과학으로 돌파하는 과정이 짜릿하고, 와트니의 유머가 절망을 견디게 해준다. 영화로 먼저 봤더라도 원작을 읽어야 하는 이유는 과학적 디테일의 쾌감 때문이다. 문제를 분석하고 해결책을 찾고 실행하는 사고 과정 자체가 엔터테인먼트다. 프로젝트 헤일메리의 전작으로 앤디 위어의 세계에 입문하기에 최적."
소설,9,아르테미스 (스페셜 에디션),앤디 위어,RHK,17820,"달 식민지 밀수업자의 범죄 스릴러.","달에서 펼쳐지는 하드보일드 SF.","달 식민지 아르테미스에서 밀수업으로 생계를 꾸리는 재즈. 한탕 크게 벌려다 거대한 음모에 휘말린다. 앤디 위어의 장기인 과학적 디테일이 달 생활을 생생하게 그려내고, 재즈라는 캐릭터의 매력이 이야기를 끌고 간다. 마션/프로젝트 헤일메리와 함께 앤디 위어 우주 3부작을 완성하는 작품. 스페셜 에디션으로 소장 가치까지."
소설,10,소설 보다: 봄 2026,김채원 외,문학과지성사,4950,"문학과지성사의 계간 소설 앤솔러지.","한국 문학의 최전선을 4950원에.","문학과지성사가 매 계절 선보이는 소설 앤솔러지. 한국 문학의 최전선에서 활동하는 작가들의 신작 단편을 한 권에 모았다. 4950원이라는 파격적 가격으로 여러 작가의 문체를 맛볼 수 있어 새로운 작가를 발견하기에 최적이다. 어떤 소설을 읽어야 할지 모르겠을 때 이 앤솔러지부터 시작하면 취향에 맞는 작가를 찾을 수 있다."
소설,11,햄릿 (먼슬리 클래식),윌리엄 셰익스피어,문학동네,9900,"셰익스피어 4대 비극의 정점.","사느냐 죽느냐, 그것이 문제로다.","To be or not to be. 이 한 문장을 모르는 사람은 없다. 하지만 햄릿을 실제로 읽은 사람은 의외로 적다. 문학동네 먼슬리 클래식 시리즈로 출간된 이 판본은 현대적 번역으로 접근성이 높다. 복수와 광기와 권력의 이야기는 400년이 지나도 현재진행형이다. 고전을 읽어야 하는 이유를 이 한 권이 증명한다. 9900원으로 세계 문학사의 정점을 만날 수 있다."
소설,12,혼모노,성해나,창비,16200,"진짜란 무엇인가를 묻는 단편집.","날카롭지만 유머러스. 한국 문학의 새 목소리.","가성비와 효율의 시대에 진짜는 얼마나 남았을까? 성해나의 단편집은 바로 그 질문을 던진다. 신이 떠난 무당은 가짜일까? 진짜였던 시간은 사라지는 걸까? 젊은작가상과 이효석문학상을 동시에 받은 건 각 단편에서 터지는 에너지 때문이다. 대비되는 인물들이 충돌하는 순간 작가의 신명이 쏟아진다. 가짜를 추구해온 우리 일상을 꼬집으면서도 날카로움 속에 유머가 있다."
소설,13,세종의 나라 1 (양장),김진명,이타북스,19800,"세종대왕 시대를 배경으로 한 대하 역사소설.","한글 창제의 드라마를 소설로.","베스트셀러 작가 김진명이 세종대왕 시대를 소설로 재현했다. 한글 창제를 둘러싼 정치적 갈등, 집현전 학자들의 헌신, 세종의 리더십을 대하 서사로 풀어낸다. 역사를 좋아하는 독자에게는 흥미진진한 이야기로, 역사에 관심 없는 독자에게는 리더십과 혁신의 교훈으로 읽힌다. 양장본의 묵직한 질감이 역사의 무게를 더한다."
소설,14,세종의 나라 2 (양장),김진명,이타북스,19800,"1권 후속. 한글 창제의 완성.","1권을 읽었다면 멈출 수 없다.","1권에서 시작된 한글 창제의 여정이 완성에 이른다. 반대 세력의 저항과 세종의 신념이 충돌하는 클라이맥스가 압권이다. 한글이라는 위대한 발명이 어떤 희생과 결단 위에 세워졌는지를 생생하게 보여준다. 2권까지 읽으면 한글에 대한 자부심이 달라진다."
소설,15,쥬디 할머니,박완서,문학동네,16650,"한국 문학 거장 박완서의 소설.","노년과 가족을 다루는 따뜻하고 날카로운 시선.","한국 문학의 거장 박완서가 노년의 삶을 다룬다. 따뜻하면서도 날카로운 시선으로 가족 관계의 본질을 파고든다. 세대를 초월하는 공감력이 이 작가의 힘이다. 부모님 세대를 이해하고 싶다면, 혹은 미래의 내 모습을 미리 보고 싶다면 이 소설이 가이드가 될 것이다."
소설,16,나의 완벽한 장례식,조현선,북로망스,17100,"병원 매점에 찾아오는 죽은 영혼들.","죽음을 다루되 따뜻한 판타지.","새벽 병원 매점에 그림자 없는 손님들이 찾아온다. 스무 살 나희는 죽었지만 떠나지 못한 영혼들의 마지막 부탁을 들어주게 된다. 죽음을 다루면서도 슬프지 않고 오히려 따뜻하다. 영혼들이 남기고 간 미완의 이야기는 살아있는 우리가 지금 해야 할 것들을 떠올리게 만든다. 미스터리한 분위기 속에서도 인간적 온기를 잃지 않는 문장이 독자를 서사 안으로 끌어들인다."
소설,17,브람스를 좋아하세요...,프랑수아즈 사강,민음사,9000,"프랑스 문학의 고전. 사랑과 음악.","사랑의 아름다움과 허무함을 동시에.","프랑수아즈 사강의 이 짧은 소설은 사랑과 음악이 교차하는 파리의 밤을 그린다. 제목만으로도 매력적인 이 작품은 사랑의 아름다움과 허무함을 동시에 담아낸다. 민음사 세계문학전집의 스테디셀러로 9000원에 프랑스 문학의 정수를 만날 수 있다. 클래식 음악을 좋아한다면 배로 즐길 수 있는 소설."
소설,18,단종애사,이광수,새움,15930,"이광수의 역사소설 복간.","한국 근대문학의 유산을 다시 만나다.","한국 근대문학의 선구자 이광수가 그린 단종의 비극적 이야기. 어린 왕의 운명과 충신들의 비애를 담은 역사소설의 고전이다. 새움 출판사의 복간으로 현대 독자가 다시 만날 수 있게 되었다. 역사와 문학을 동시에 즐기고 싶은 독자에게 추천."
소설,19,소년이 온다,한강,창비,13500,"5.18 광주를 다룬 한강의 대표작.","노벨문학상 수상 작가의 힘.","2016년 인터내셔널 부커상에 이어 2024년 노벨문학상까지 수상한 한강의 대표작. 1980년 5월 광주를 배경으로 열다섯 살 소년의 죽음과 살아남은 자들의 고통을 다룬다. 역사적 비극을 문학적으로 승화시킨 걸작. 한국인이라면 반드시 읽어야 할 소설이며, 한강 문학의 정수를 경험할 수 있다."
소설,20,시간관리국,캘리앤 브래들리,비채,17820,"시간 관리 비밀 기관 배경 로맨스 판타지.","시간+사랑의 매력적 조합.","시간을 관리하는 비밀 기관이 있다면? 시간관리국이라는 매력적인 설정 위에 펼쳐지는 로맨스 판타지. 가볍게 읽기 좋으면서도 시간의 의미를 생각하게 만드는 이중적 매력이 있다. 되돌리고 싶은 순간, 멈추고 싶은 순간이라는 보편적 욕망을 판타지로 풀어낸다. 무거운 소설에 지쳤을 때 달콤한 탈출구."
경제경영,1,인생 마지막에 쓰는 주식투자 교과서,정규준,애덤스미스,22500,"15년차 전업투자자의 주식 투자 원칙.","체계적 투자의 교과서.","15년간 주식만으로 살아온 전업투자자의 집대성. 초보부터 중급까지 단계별로 투자 원칙을 쌓아가는 구조가 탄탄하다. 뉴스에 흔들리지 않는 원칙 투자, 감정이 아닌 시스템으로 하는 매매를 배울 수 있다. 인생 마지막이라는 제목은 이 한 권이면 다른 투자서가 필요 없다는 자신감이다. 주식 앱만 깔아놓고 뭘 해야 할지 모르겠다면 이 책이 첫 번째이자 마지막 교과서."
경제경영,2,박곰희 연금 부자 수업,박곰희,인플루엔셜,18900,"4개 절세 통장으로 월 300만원.","연금 준비의 모든 것.","95만 유튜버이자 전직 PB 박곰희가 4개 절세 통장으로 월 300만원 만드는 로드맵을 구체적으로 제시한다. 4% 룰로 30년 이상 현금흐름을 유지하는 법, 투자 여력별 포트폴리오, 세금 최적화까지. 이 책이 다른 재테크서와 다른 점은 진짜 따라할 수 있다는 것이다. 3억으로 노후가 가능한지, 55세에 시작해도 늦지 않은지 같은 절실한 질문에 현실적으로 답한다. 시간이라는 가장 강력한 무기를 가진 젊은 세대일수록 빨리 읽어야 한다."
경제경영,3,진보를 위한 주식투자,이광수,21세기북스,19800,"가치관과 투자의 양립.","돈을 벌면서도 세상을 바꾸는 방법.","투자하면서 양심의 가책을 느낀 적 있는가? 환경을 파괴하는 기업에 투자하는 건 아닌지, 내 수익이 누군가의 손해인 건 아닌지. 이 책은 진보적 가치관과 투자가 양립할 수 있다고 말한다. ESG 투자와 사회적 책임 투자라는 새로운 관점으로 돈을 벌면서도 세상을 좋은 방향으로 움직이는 방법을 제시한다. 수익만큼 가치를 중시하는 독자를 위한 투자 가이드."
경제경영,4,코스피 1만 넥스트 레벨,박시동,지와인,19800,"코스피 1만 시대 투자 전략서.","설명 천재의 실전 투자법.","코스피가 6000을 넘었고 1만 시대가 눈앞이다. 설명 천재라 불리는 박시동 소장이 종목 선택의 원칙, 매매 타이밍, 포트폴리오 관리까지 투자의 전 과정을 원칙 중심으로 안내한다. 어려운 경제 개념을 생활 언어로 풀어내는 능력이 탁월하다. 투자를 처음 시작하는 사람도 이해할 수 있는 언어로 쓰여 있어 첫 번째 투자 교과서로 적합하다."
경제경영,5,돈의 방정식,모건 하우절,서삼독,25200,"부=가진 것-원하는 것.","돈에 대한 관점을 완전히 바꿔주는 책.","돈의 심리학이 돈을 모으는 마음을 다뤘다면 후속작은 돈을 쓰는 지혜를 다룬다. 부=가진 것-원하는 것이라는 공식은 단순하지만 강력하다. 더 많이 가진 게 아니라 덜 원하는 게 부라는 역발상. 순간적 행복이 아닌 지속적 만족을 추구하라는 메시지가 핵심이다. 명품백과 해외여행이 잠깐의 행복을 주지만 지속되지 않는 이유를 이 책이 설명해준다. 돈을 도구로 쓸 줄 아는 어른이 되고 싶다면."
경제경영,6,일본 광고 카피 도감,오하림,서교책방,16920,"일본 명작 광고 카피 모음.","마케터/기획자의 영감 레퍼런스.","일본의 명작 광고 카피를 큐레이션한 책. 짧은 한 문장이 어떻게 사람의 마음을 움직이는지를 보여준다. 광고 카피는 세상에서 가장 짧은 문학이라는 말이 있다. 마케터, 카피라이터, 기획자뿐 아니라 글을 쓰는 모든 사람에게 영감을 준다. 한 문장의 힘을 믿는 사람이라면 이 도감을 곁에 두고 틈틈이 펼쳐보라."
경제경영,7,자본주의 시대 최소한의 경제 공부,백억남,하이스트,25200,"경제 기초 입문서.","경제 뉴스가 외국어처럼 들린다면 여기서 시작.","금리, 환율, GDP, 인플레이션. 알 것 같으면서도 설명하라면 못 하는 개념들. 백억남이 자본주의의 작동 원리를 쉽게 풀어준다. 금리가 오르면 왜 집값이 변하는지, 내 월급은 왜 물가를 따라가지 못하는지. 돈의 흐름을 읽는 눈이 생기면 세상이 다르게 보인다. 경제 문맹이 곧 자산 문맹이 되는 시대에 기초부터 다지기에 최적."
경제경영,8,박태웅의 AI 강의 2026,박태웅,한빛비즈,20700,"AI 시대 비즈니스 트렌드.","AI를 두려움에서 기회로 바꾸는 시각.","AI가 내 일자리를 대체할까? 막연한 불안 대신 이 책을 읽는 게 낫다. 에이전틱 AI, 피지컬 AI 등 2026 최신 트렌드를 비즈니스 관점에서 해설한다. 기술 자체보다 기술이 만드는 변화에 초점을 맞춘다. AI 시대에 살아남는 건 코딩을 아는 사람이 아니라 변화를 읽는 사람이다. AI를 두려움의 대상이 아닌 기회의 도구로 바꾸는 시각을 제공한다."
경제경영,9,캔들차트 하나로 끝내는 추세추종 투자,성승현,포르체,22500,"캔들차트 분석 실전 매매 기법.","차트 분석 입문자를 위한 실전서.","주식 차트를 보면 복잡한 선과 숫자에 압도당한다. 이 책은 캔들차트 하나만으로 추세를 읽고 매매하는 실전 기법을 알려준다. 수십 가지 보조지표 대신 캔들 하나에 집중하는 미니멀한 접근이 매력이다. 차트 분석을 처음 시작하는 사람에게 진입 장벽을 낮춰주는 입문서."
경제경영,10,미국은 왜 전쟁을 멈추지 못하는가,"윌리엄 D. 하텅, 벤 프리먼",부키,22500,"군산복합체와 전쟁 경제 분석.","국제 정세를 이해하는 경제-정치 교양서.","미국의 국방 예산은 왜 줄지 않을까? 전쟁은 끝나도 군수산업은 계속된다. 이 책은 군산복합체라는 거대한 시스템이 어떻게 전쟁 경제를 유지하는지 구조적으로 분석한다. 국제 정세가 투자와 경제에 미치는 영향을 이해하고 싶다면 이 책이 좋은 출발점이다. 뉴스 너머의 구조를 읽는 눈을 길러준다."
경제경영,11,이게 되네? 제미나이 완전 미친 활용법 81제,오힘찬,골든래빗,21600,"구글 제미나이 AI 실무 활용 81가지.","AI를 실무에 바로 써먹는 실전 가이드.","ChatGPT는 써봤는데 제미나이는 뭐가 다른지 모르겠다면 이 책이 답이다. 구글 제미나이를 업무에 바로 적용하는 81가지 활용법을 구체적으로 안내한다. 이메일 작성, 보고서 요약, 데이터 분석, 콘텐츠 제작까지. AI를 이론이 아닌 실전에서 써먹고 싶은 직장인에게 최적의 가이드."
경제경영,12,돈의 심리학 (50만부 기념 에디션),모건 하우절,인플루엔셜,22320,"돈에 대한 18가지 심리 이야기.","50만부에는 이유가 있다.","부자가 되는 건 얼마를 버느냐가 아니라 어떻게 행동하느냐의 문제다. 모건 하우절의 이 한 문장이 이 책의 전부다. 18가지 이야기를 통해 돈에 대한 인간의 비합리적 행동을 조명한다. 50만부가 팔린 건 누구나 공감하는 돈과 심리의 관계를 명쾌하게 풀어냈기 때문이다. 돈의 방정식과 함께 읽으면 돈에 대한 관점이 완성된다."
경제경영,13,규칙파괴자,데이비드 가드너,국일증권경제연구소,22500,"혁신적 투자 철학.","틀에 박힌 투자 규칙을 깨는 새로운 관점.","모든 투자서가 분산 투자, 안전 마진, 저PER을 말할 때, 이 책은 그 규칙을 깨라고 말한다. 성장주에 집중하고 확신이 있을 때 과감하게 베팅하라. 규칙을 따르는 투자가 안전하지만, 규칙을 깨는 투자가 부를 만든다. 물론 아무 규칙이나 깨라는 게 아니다. 어떤 규칙을 왜 깨야 하는지를 논리적으로 설명한다."
경제경영,14,왜 일하는가,이나모리 가즈오,다산북스,16200,"교세라 창업자의 일 철학.","삼성 10년 이상 신입사원 필독서.","일을 성공의 수단이 아닌 인격을 단련하는 수행의 과정으로 보는 철학. 교세라와 KDDI를 창업하고 JAL을 회생시킨 이나모리 가즈오의 일에 대한 사유는 깊고 단단하다. 삼성그룹이 10년 이상 신입사원 필독서로 추천하는 데는 이유가 있다. 일의 의미를 잃었을 때, 왜 이 일을 하는지 모르겠을 때 다시 펼쳐야 할 책."
경제경영,15,나의 첫 월배당 ETF,김정란,토네이도,19800,"ETF 입문~포트폴리오 구성.","적은 돈으로 시작하는 월배당의 첫걸음.","주식은 무섭고 예금은 답답하다면 그 사이에 ETF가 있다. 월배당 ETF는 매달 배당금이 나온다. 어떤 ETF를 골라야 하는지, 어떻게 포트폴리오를 구성하는지를 초보자 눈높이에서 안내한다. 적은 돈으로 시작해서 매달 배당금 받는 구조를 경험하면 돈이 돈을 버는 시스템을 체감하게 된다."
경제경영,16,경매 100계명 제2부,박홍기,바른북스,21600,"부동산 경매 실전 가이드.","경매 투자의 바이블 후속편.","부동산 경매에 관심은 있지만 어디서부터 시작해야 할지 모르겠다면. 100가지 계명으로 정리한 경매 실전 가이드. 1부의 성공에 이어 더 깊은 실전 노하우를 담았다. 법적 리스크, 입찰 전략, 명도 과정까지 경매의 전 과정을 현장 경험으로 풀어낸다."
경제경영,17,"1,000만원으로 3년안에 300만원 월배당 만들기",인생업(임승현),경이로움,20700,"소액 월배당 포트폴리오 구축.","구체적 종목과 비율까지 안내하는 실전형.","월급 외 현금흐름을 만들고 싶다면 가장 현실적인 가이드. 1000만원으로 바로 월 300만원이 나오는 건 아니지만, 복리와 시간의 마법을 구체적 포트폴리오로 보여준다. 어떤 종목에 어떤 비율로 언제 사야 하는지까지 알려주는 실행서."
경제경영,18,AI 제국: 권력 자본 노동,카렌 하오,생각의힘,25200,"AI가 만드는 새로운 권력 구조.","AI 시대의 정치경제학.","AI는 기술만의 문제가 아니다. 권력, 자본, 노동의 구조를 근본적으로 바꾸고 있다. MIT 테크놀로지 리뷰의 카렌 하오가 AI 기업들이 어떻게 새로운 제국을 건설하고 있는지 분석한다. AI를 기술이 아닌 권력의 관점에서 이해하고 싶다면 이 책이 필수다."
경제경영,19,주식투자 무작정 따라하기,윤재수,길벗,22500,"주식 초보자 단계별 실전서.","계좌 개설부터 매매까지 무작정 따라하기.","주식 투자를 한 번도 해본 적 없는 완전 초보를 위한 책. 계좌 개설부터 종목 선택, 매수와 매도 타이밍까지 단계별로 따라할 수 있게 구성했다. 무작정 따라하기 시리즈의 장점은 선행 지식을 요구하지 않는다는 것. 투자의 첫 발을 떼는 데 이보다 친절한 가이드는 없다."
경제경영,20,F1 더 포뮬러,"조슈아 로빈슨, 조너선 클레그",RHK,19800,"F1 레이싱의 비즈니스 혁신.","스포츠 산업의 비즈니스 케이스 스터디.","넷플릭스 다큐 드라이브 투 서바이브로 F1에 빠진 사람이 늘었다. 이 책은 F1이 어떻게 낡은 스포츠에서 글로벌 엔터테인먼트 제국으로 변신했는지를 비즈니스 관점에서 분석한다. 리버티 미디어의 인수, 소셜 미디어 전략, 팬 경험 혁신까지. 스포츠를 넘어 모든 산업에 적용 가능한 비즈니스 혁신 케이스 스터디."
자기계발,1,완벽한 원시인,자청,필로틱,19800,"10만년 전 DNA에 맞춘 뇌 리셋 15개 버튼.","번아웃된 현대인에게 가장 필요한 처방전.","역행자 100만부의 자청이 4년 만에 돌아왔다. 이번엔 성공법이 아니라 작동법이다. 핵심 주장은 이것이다. 우리 뇌는 10만 년 전에 설계됐는데 환경만 급변했다. 그래서 현대인의 뇌가 오작동한다. 수면, 물, 호흡, 빛, 걷기, 영양, 운동 같은 기본값을 리셋하면 의지력 없이도 상태가 바뀐다. 15개 버튼을 생존, 항상성, 성장, 연결, 초월 5단계로 정렬했고 순서대로 누르면 뇌가 제 성능을 되찾는다. 번아웃, 우울, 무기력의 원인이 의지 부족이 아니라 상태 부족이라는 관점이 핵심이다."
자기계발,2,부처님 말씀대로 살아보니,토니 페르난도,윌마,17010,"정신과 의사의 불교 실천 체험기.","마음챙김을 현대 심리학과 접목한 실용서.","정신과 의사가 부처님 가르침을 실제 삶에 적용해봤다. 마음챙김과 명상을 현대 심리학과 접목한 이 책은 종교서가 아니라 실용서다. 불안과 스트레스에 시달리는 현대인에게 2500년 전의 가르침이 왜 여전히 유효한지를 과학적으로 설명한다. 명상을 시작하고 싶지만 어디서부터 해야 할지 모르겠다면 이 책이 좋은 출발점이다."
자기계발,3,무례한 세상에서 나를 지키는 법,발타사르 그라시안,논픽션,17820,"17세기 철학자의 처세술.","인간관계에서 자신을 지키는 날카로운 통찰.","쇼펜하우어와 니체가 인생의 스승으로 삼았던 17세기 스페인 철학자. 1892년 판본을 저본으로 삼은 이 책은 300가지가 넘는 인간관계의 통찰을 담고 있다. 무례한 상사, 경계를 모르는 동료, 에너지를 빼앗는 관계에서 자신을 지키는 법. 400년 전의 지혜가 오늘의 직장 생활에 그대로 적용된다는 게 놀랍다."
자기계발,4,캔들차트 하나로 끝내는 추세추종 투자,성승현,포르체,22500,"캔들차트 실전 매매 기법.","차트 하나로 투자하는 미니멀 접근.","복잡한 보조지표 대신 캔들차트 하나에 집중하는 미니멀한 투자법. 추세를 읽고 따라가는 체계적 매매 기법을 실전 사례와 함께 알려준다. 정보 과잉 시대에 핵심만 추려내는 접근이 매력적이다."
자기계발,5,이게 되네? 제미나이 완전 미친 활용법 81제,오힘찬,골든래빗,21600,"구글 제미나이 AI 활용 81가지.","AI를 실무에 즉시 적용하는 가이드.","구글 제미나이를 업무에 바로 적용하는 81가지 방법. 이메일 작성, 보고서 요약, 데이터 분석, 콘텐츠 제작, 번역까지. 이론이 아닌 실전에서 AI를 써먹고 싶은 직장인에게 최적. 각 활용법이 독립적이라 필요한 것만 골라 읽기 좋다."
자기계발,6,뇌는 어떻게 나를 조종하는가,크리스 나이바우어,클랩북스,16920,"좌뇌 해석자의 자아 환상.","자기 이해의 새로운 차원.","내가 내린 결정이 정말 내 결정이었을까? 좌뇌의 해석자가 끊임없이 이야기를 지어내고 있다는 사실을 알면, 불필요한 자기 비난과 불안에서 벗어날 수 있다. 자기 비난이 습관인 사람에게 특히 유용하다. 심리학보다 깊고 철학보다 실용적인 뇌과학 자기이해서."
자기계발,7,쓰는 만큼 내가 된다,리니,더퀘스트,16200,"글쓰기를 통한 자기 발견.","기록하는 사람은 결국 방향을 찾는다.","매일 기록하는 사람과 아닌 사람의 차이는 1년이 지나면 명확해진다. 이 책은 거창한 작가 되기가 아니라 나를 알아가는 글쓰기를 다룬다. 노션에 한 줄이든 일기장에 세 줄이든 쓰는 만큼 내가 선명해진다. 정보 과잉 시대에 자기 생각을 정리하는 능력이 곧 경쟁력이다."
자기계발,8,일하면서 바로 써먹는 아웃풋x성과 도감,가바사와 시온,현대지성,15750,"80가지 아웃풋 기술.","인풋보다 아웃풋이 중요한 시대.","책을 많이 읽고 강의를 많이 들어도 아웃풋이 없으면 성장하지 않는다. 말하기, 쓰기, 행동하기 등 80가지 아웃풋 기술을 도감 형식으로 정리했다. 인풋 중독에서 벗어나 실제 성과를 내고 싶은 사람에게. 한 번에 읽지 않고 필요할 때마다 펼쳐보는 레퍼런스북으로 활용하기 좋다."
자기계발,9,너를 기다릴 시간에 나를 사랑하기로 했다,질리언 투레키,부키,17550,"자기 사랑 에세이.","타인에게 쏟던 에너지를 자신에게.","타인의 연락을 기다리고 타인의 인정을 갈구하고 타인의 기대에 맞추느라 정작 자신을 돌보지 못한 적 있다면. 이 책은 그 에너지를 자신에게 돌리라고 말한다. 관계에서의 자존감 회복, 혼자서도 충분한 존재라는 확인. 연애든 직장이든 모든 관계의 기초는 자기 사랑이라는 메시지."
자기계발,10,마음을 읽는 감각,구범준,세상을바꾸는시간15분,17820,"공감 능력 향상법.","사람의 마음을 읽고 소통하는 감각.","사람의 마음을 읽는 건 초능력이 아니라 기술이다. 관계에서, 비즈니스에서, 리더십에서 공감 능력은 가장 강력한 무기다. 이 책은 마음을 읽는 감각을 키우는 구체적 방법을 제시한다. 상대의 진짜 의도를 파악하고, 적절한 타이밍에 적절한 말을 하는 기술. 소통이 어려운 모든 사람에게."
자기계발,11,아주 작은 습관의 힘 (50만부 기념 에디션),제임스 클리어,비즈니스북스,16200,"매일 1% 복리 습관. 1500만부.","인생에서 가장 영향력 있었던 책으로 꼽는 사람이 가장 많다.","매일 1%만 나아지면 1년 후 37배. 습관의 4단계(신호-열망-반응-보상)를 설계하면 의지력 없이도 좋은 습관이 자동으로 작동한다. 전 세계 1500만부 판매. 거창한 결심보다 아주 작은 변화가 인생을 바꾼다는 사실을 증명해주는 책. 50만부 기념 에디션으로 소장 가치까지."
자기계발,12,렛뎀 이론,멜 로빈스,비즈니스북스,18000,"타인 통제 멈추기.","그냥 놔둬라. 인간관계 스트레스가 확 줄어든다.","타인의 행동과 생각은 내 통제 밖이다. 이 단순한 깨달음이 인간관계 에너지 소모를 획기적으로 줄여준다. 렛뎀. 그냥 놔둬라. 비교를 멈추고 두려움을 극복하고 자기 의심에서 벗어나는 실전 도구를 제공한다. SNS를 통해 끊임없이 비교하고 평가받는 환경에서 이 책의 메시지가 특히 절실하다."
자기계발,13,폰더 씨의 위대한 하루,앤디 앤드루스,세종,16200,"7가지 인생 결정의 우화.","짧지만 강렬한 인생 우화.","우연히 만난 현자들이 들려주는 7가지 인생 결정. 짧은 우화 형식이지만 각 결정이 삶의 방향을 바꿀 수 있는 무게를 가지고 있다. 한두 시간이면 읽지만 오래 생각하게 만드는 책. 인생의 갈림길에서 어떤 선택을 해야 할지 고민될 때 꺼내 읽기 좋다."
자기계발,14,미라클 모닝 After 50,할 엘로드 외,필름,19800,"50대 이후를 위한 아침 루틴.","인생 후반전을 설계하는 아침 습관.","미라클 모닝 시리즈의 50대 이상 맞춤판. 아침 루틴이 인생 후반전을 어떻게 바꿀 수 있는지 구체적으로 안내한다. 은퇴 후 공허함, 건강 관리, 새로운 목표 설정까지. 나이가 들수록 아침의 힘이 커진다는 메시지가 설득력 있다."
자기계발,15,생각의 도약,도야마 시게히코,페이지2,16200,"사고의 틀을 깨는 기술.","기획자/마케터의 아웃풋을 한 단계 올리는 책.","아이디어가 안 나오는 건 재능 부족이 아니라 사고법의 문제다. 기존 틀을 깨는 구체적 기술을 알려준다. 같은 정보를 보고도 다른 결론을 내는 사람들의 비밀은 사고의 도약에 있다. 기획서와 보고서를 만드는 직장인이라면 이 책이 아웃풋의 질을 바꿔줄 것이다."
자기계발,16,딱 1년만 미쳐라,리치파카,모티브,17820,"1년 몰입으로 인생 전환.","방향은 나중에 정해도 된다. 일단 몰입부터.","뭘 해야 할지 모르겠다면 딱 1년만 미쳐봐라. 방향은 나중에 정해도 된다. 일단 몰입의 경험이 있어야 방향이 보인다. 동기부여에서 끝나지 않고 실천 전략까지 제시하는 게 차별점이다. 행동력이 부족한 게 아니라 시작의 용기가 부족한 거라는 메시지."
자기계발,17,손자병법,손무,현대지성,11700,"2500년 전략의 고전.","모든 경쟁의 기본 원리.","2500년 전에 쓰인 전쟁 전략서가 왜 비즈니스 필독서일까? 손자병법의 원리는 모든 경쟁 상황에 적용된다. 지피지기면 백전불태. 상대를 알고 나를 알면 위태로움이 없다. 11700원에 인류 최고의 전략 고전을 만날 수 있다. 현대지성의 번역으로 접근성도 높다."
자기계발,18,데일 카네기 인간관계론 (50만부 초판 무삭제 완역본),데일 카네기,현대지성,10350,"인간관계의 바이블.","90년이 지나도 인간관계의 기본은 변하지 않는다.","1936년에 출간되어 전 세계 6000만부가 팔린 인간관계의 바이블. 상대의 이름을 불러라, 진심으로 관심을 가져라, 비난하지 말라. 단순해 보이는 원칙들이 90년이 지나도 유효한 이유는 인간의 본성이 변하지 않기 때문이다. 초판 무삭제 완역본으로 원래의 메시지를 온전히 만날 수 있다."
자기계발,19,감사하는 뇌가 인생을 바꾼다,"가바사와 시온, 다시로 마사타카",현대지성,15210,"감사의 뇌과학적 효과.","감사가 뇌를 물리적으로 변화시킨다.","감사가 좋은 거라는 건 누구나 안다. 하지만 감사가 뇌를 물리적으로 변화시킨다는 건 모를 수 있다. 이 책은 감사의 효과를 뇌과학적으로 증명한다. 감사 일기를 쓰면 도파민과 세로토닌이 분비되고 스트레스 호르몬이 줄어든다. 과학적 근거 위에 세워진 감사 습관 가이드."
자기계발,20,그만 배우기의 기술,팻 플린,어크로스,16920,"배움 중독에서 벗어나기.","인풋 과잉 시대의 해독제.","강의를 듣고 책을 읽고 유튜브를 보지만 달라지는 건 없다. 배움 중독이다. 이 책은 그만 배우고 실행하라고 말한다. 완벽히 준비된 후에 시작하겠다는 생각이 가장 큰 장애물이다. 80%만 알아도 시작할 수 있고, 나머지 20%는 하면서 배운다. 인풋 과잉 시대의 해독제."
에세이,1,사랑이 있으니 살아집디다,"유시민, 김세라",은빛,16200,"유시민과 딸의 세대를 넘는 대화.","부모와 자녀 사이의 소통 모델.","아버지와 딸이 삶과 사랑과 죽음에 대해 이렇게 솔직하게 대화할 수 있다니. 같은 주제를 다른 세대의 눈으로 풀어내는 두 사람의 대화가 우리 가족과의 관계를 돌아보게 만든다. 완벽한 부녀가 아니라 서로 다르기에 더 풍요로운 대화의 가능성을 보여준다. 부모님과 대화가 어려운 사람에게 다리가 되어줄 책."
에세이,2,엄마와 딸들의 미친년의 역사,이랑,이야기장수,16020,"언니의 소진사에서 출발한 가족사.","슬픔의 역사이면서 사랑의 기록.","2021년 12월 이랑의 언니가 죽었다. 이랑은 그것을 자살이 아닌 소진사라 부른다. 가난과 폭력과 남아선호 속에서 이어져 온 여성들의 삶을 집요하게 파고든다. 일본과 대만에서 먼저 출간된 후 국내에 역수입된 건 이 이야기가 한국만의 것이 아니기 때문이다. 정돈된 에세이가 아니라 미친년의 언어로 쓰인 역사. 우리 엄마와 할머니의 이야기일 수도 있다."
에세이,3,일본 광고 카피 도감,오하림,서교책방,16920,"일본 명작 광고 카피 큐레이션.","한 문장의 힘을 보여주는 영감 사전.","짧은 한 문장이 어떻게 사람의 마음을 움직이는지를 보여주는 도감. 광고 카피는 세상에서 가장 짧은 문학이라는 말이 있다. 글을 쓰는 모든 사람에게 영감을 준다. 에세이 카테고리에 있지만 마케터와 기획자에게도 필수 레퍼런스. 틈틈이 펼쳐보며 언어 감각을 키우기에 최적."
에세이,4,정답은 있다,이정효,다산북스,16200,"축구 감독의 인생 철학.","직설적 전술가의 확신 있는 메시지.","수원 삼성 감독 이정효는 빙빙 돌리지 않는다. 튀는 행동과 직설적 화법으로 주목받는 인물의 첫 에세이. 축구 전술가의 이야기지만 핵심은 리더십과 인생이다. 모든 것이 불확실한 시대에 정답은 있다고 말하는 사람이 있다는 것만으로도 위안이 된다."
에세이,5,"소유하기, 소유되기",율라 비스,열린책들,19800,"소유와 자본주의에 대한 성찰.","우리가 물건을 소유하는가, 물건이 우리를 소유하는가.","소유라는 개념을 근본적으로 재검토하는 에세이. 집, 차, 명품, 주식. 우리는 끊임없이 소유하려 하지만 어느 순간 소유물이 우리를 지배하고 있다는 걸 깨닫는다. 율라 비스의 날카로운 시선은 자본주의 사회에서 소유의 의미를 다시 묻게 만든다. 미니멀리즘이 아닌 철학적 깊이에서 소유를 탐구한다."
에세이,6,쓰는 만큼 내가 된다,리니,더퀘스트,16200,"글쓰기를 통한 자기 발견.","매일 쓰는 습관이 나를 만든다.","브런치든 노션이든 종이 일기장이든 상관없다. 매일 쓰는 습관은 자기 발견의 가장 강력한 도구다. 거창한 작가 되기가 아니라 나를 알아가는 글쓰기. 기록하는 사람과 아닌 사람의 차이가 시간이 지날수록 벌어진다. 1년 후 돌아볼 때 기록이 남아있는 사람만이 성장을 확인할 수 있다."
에세이,7,불안,알랭 드 보통,은행나무,16200,"지위 불안의 철학적 탐구.","2003년에 쓴 책인데 SNS 시대에 더 절실하다.","남들은 다 잘 사는 것 같고 나만 뒤처진 것 같은 불안. 알랭 드 보통은 이 감정의 뿌리를 철학적으로 파고든다. 20년 전에 쓴 책인데 비교의 채널이 기하급수적으로 늘어난 SNS 시대에 더 절실하다. 불안의 정체를 이해하면 조금은 자유로워질 수 있다."
에세이,8,너를 아끼며 살아라,나태주,더블북,16650,"풀꽃 시인의 산문.","소소한 일상에서 발견하는 사랑과 위로.","자세히 보아야 예쁘다 오래 보아야 사랑스럽다. 이 시구로 국민 시인이 된 나태주의 산문. 소소한 일상에서 발견하는 사랑과 위로의 메시지가 가득하다. 바쁜 일상에 치이다가도 이 책을 펼치면 잠시 멈춰 주변을 돌아보게 된다. 10대부터 70대까지 세대를 초월하는 공감력."
에세이,9,매일 아침 나는 텃밭에 간다,강철원,한즈미디어,16650,"도시인의 텃밭 에세이.","흙을 만지며 일상을 치유하는 과정.","콘크리트 도시에서 살다가 작은 텃밭을 가꾸기 시작한 사람의 이야기. 흙을 만지고 씨앗을 뿌리고 자라는 것을 지켜보는 단순한 행위가 일상을 치유한다. 자연과의 접촉이 정신 건강에 미치는 영향을 체험으로 보여주는 에세이. 번아웃에 지친 도시인에게 새로운 힐링 방법을 제안한다."
에세이,10,56년 샘터 잊지 못할 명문장,월간 샘터,샘터사,18000,"56년간의 명문장 모음.","시대를 초월한 삶의 지혜 큐레이션.","56년간 월간 샘터에 실린 글 중에서 잊지 못할 명문장을 큐레이션했다. 수십 명의 작가와 지식인이 남긴 삶의 지혜가 한 권에. 처음부터 끝까지 읽지 않아도 된다. 아무 페이지나 펼쳐서 만나는 한 문장이 그날의 위로가 될 수 있다. 시대를 초월하는 지혜의 보물창고."
에세이,11,어른의 행복은 조용하다,태수,페이지2,16020,"단단한 일상적 행복.","화려하지 않아도 단단한 행복이 있다.","20대에는 화려한 행복을 꿈꾼다. 30대가 되면 조금 달라진다. 퇴근 후 집에서 보내는 조용한 시간, 주말 아침의 여유. 이 에세이는 그런 어른의 행복을 그린다. 행복의 정의가 나이와 함께 변한다는 걸 보여주는 책. 성숙한 행복이란 뭔지 알고 싶다면."
에세이,12,행복할 거야 이래도 되나 싶을 정도로,일홍,부크럼,16200,"행복=과정. 누적 10만부.","올해 가장 많이 선물된 책.","행복은 성취가 아니라 과정이다. 거창한 성공이 아니라 일상의 작은 순간에서 행복을 발견하는 법. 10만부 팔린 건 그만큼 많은 사람이 이 위로가 필요했다는 뜻이다. 행복의 기준을 바꿔주는 책. 연봉과 집과 차가 행복의 조건이 아니라 지금 이 순간을 어떻게 보내느냐가 행복이라는 관점의 전환."
에세이,13,소년과 두더지와 여우와 말,찰리 맥커시,상상의힘,19800,"네 친구의 인생 대화. 1000만부.","5분이면 읽지만 평생 기억에 남는다.","가장 용감한 것은 도움을 구하는 것이다. 이 한 문장에 울었다는 후기가 수천 개다. 그림과 글이 함께하는 이 작은 책은 전 세계 1000만 명의 마음을 어루만졌다. 5분이면 읽지만 그 5분이 평생 기억에 남는다. 힘든 사람에게 선물하기에 이보다 완벽한 책이 없다."
에세이,14,구원에게,정영욱,부크럼,16200,"사랑/이별/일상의 감성 에세이.","작은 공감이 필요한 밤에.","사랑하고 이별하고 다시 일상으로 돌아오는 감정의 결을 잔잔하게 따라가는 에세이. 큰 깨달음이 아니라 작은 공감을 준다. 아 나도 그랬는데. 그 한마디가 필요한 밤이 있다. 감정을 정리할 시간이 부족한 우리에게 잠시 멈춰서 마음을 들여다볼 여유를 준다."
에세이,15,오래된 세계의 농담,이다혜,오리지널스,16200,"영화 평론가의 문화 에세이.","영화/문학/일상을 넘나드는 유머와 사유.","영화 평론가 이다혜의 문화 에세이. 영화와 문학과 일상을 넘나들며 세상을 독특한 시선으로 관찰한다. 유머와 사유가 공존하는 문체가 매력적이다. 문화 콘텐츠를 많이 소비하는 독자라면 공감 포인트가 넘친다."
에세이,16,악수도 없이 헤어졌다,피천득,민음사,13500,"한국 수필 문학 거장의 산문.","담백하고 아름다운 문장의 정수.","한국 수필 문학의 거장 피천득의 산문 모음. 인연과 이별에 대한 담백한 이야기. 화려하지 않지만 아름다운 문장의 정수를 만날 수 있다. 민음사 판본으로 소장 가치도 높다. 조용한 오후에 천천히 읽기 좋은 책."
에세이,17,그저 하루치의 낙담,박선영,반비,16920,"일상의 작은 낙담에 대한 에세이.","완벽하지 않은 하루를 위로하는 글.","거창한 실패가 아니라 일상의 작은 낙담에 대한 이야기. 오늘 하루가 기대만큼 좋지 않았을 때, 그저 하루치의 낙담이라고 말해주는 이 에세이가 위안이 된다. 내일은 또 다른 하루니까. 완벽하지 않은 날들을 보내는 모든 사람을 위한 책."
에세이,18,제철 행복,김신지,인플루엔셜,16020,"계절에 맞는 행복을 찾는 에세이.","행복에도 제철이 있다.","봄에는 봄의 행복이 있고 겨울에는 겨울의 행복이 있다. 행복에도 제철이 있다는 발상이 신선하다. 각 계절에 맞는 작은 행복을 발견하고 즐기는 법을 담았다. 사계절을 따라가며 읽으면 1년이 더 풍요로워진다."
에세이,19,달리기를 말할 때 내가 하고 싶은 이야기,무라카미 하루키,문학사상,13050,"하루키의 달리기 에세이.","달리기와 글쓰기, 삶에 대한 통찰.","소설가 무라카미 하루키가 마라톤을 뛰며 생각한 것들. 달리기와 글쓰기의 공통점, 꾸준함의 가치, 고통을 통과하는 법. 하루키 팬이 아니어도 달리기를 하는 사람이라면 공감하고, 달리기를 안 해도 삶에 대한 통찰을 얻을 수 있다. 스테디셀러인 이유가 있다."
에세이,20,인생에 가장 가까운 것,제임스 우드,아를,15300,"문학과 삶에 대한 성찰.","문학이 왜 인생에 가장 가까운 것인지.","소설이 왜 중요한가? 문학평론가 제임스 우드가 문학과 삶의 관계를 탐구한다. 소설이 현실보다 더 현실적일 수 있는 이유, 허구가 진실을 드러내는 방식. 문학을 사랑하는 독자에게는 확인이, 문학을 멀리한 독자에게는 새로운 시작이 될 책."
인문학,1,인생을 위한 최소한의 생각,"신영준, 고영성",상상스퀘어,17820,"거인들의 통찰로 삶의 중심 세우기.","생각의 멸종 시대에 의미를 찾는 방법.","릴스 15초 틱톡 60초에 익숙해진 우리의 사고력은 점점 얕아지고 있다. 이 책은 깊은 사유가 사라진 시대에 경종을 울린다. 에픽테토스부터 쇼펜하우어까지 거인들의 통찰을 빌려 삶의 중심을 세우는 최소한의 생각법을 제안한다. 풍요는 삶을 편하게 하지만 의미를 부여하지는 못한다. 인류 역사상 가장 풍요로운 시대인데 왜 불안과 공허가 끊이지 않는가. 실천 없는 자기계발에 지친 세대에게 울림이 크다."
인문학,2,완벽한 원시인,자청,필로틱,19800,"10만년 전 DNA에 맞춘 뇌 리셋.","인문학+뇌과학 융합의 새로운 자기계발.","자기계발과 인문학의 경계에 있는 독특한 책. 수렵채집 시대의 DNA라는 인문학적 관점에서 출발해 뇌과학적 근거로 현대인의 오작동을 진단한다. 15개 리셋 버튼이라는 구체적 실행법까지 제시해 이론과 실천을 동시에 잡았다."
인문학,3,살면서 한번은 벽돌책,장강명,글항아리,17550,"벽돌책 100권 감상록.","고전 입문의 최적 가이드.","유튜브 요약본으로 책을 대신하고 있다면 경종을 울리는 책. 700쪽짜리 고전을 읽어야 하는 이유는 중단 없는 연속적 사유 때문이다. 10년간 벽돌책 100권을 읽은 장강명의 감상록은 동시에 고전 입문 가이드다. 어떤 벽돌책을 먼저 읽을지 모르겠다면 이 책이 안내해준다. 깊이 있는 사유의 경험이 점점 희귀해지는 시대에 필요한 책."
인문학,4,"소유하기, 소유되기",율라 비스,열린책들,19800,"소유와 자본주의 탐구.","물건이 우리를 소유하는 역설.","소유라는 개념의 근본을 파고드는 철학적 에세이. 우리가 물건을 소유하는가 물건이 우리를 소유하는가라는 질문이 자본주의 사회의 핵심을 찌른다. 미니멀리즘 트렌드를 넘어 소유의 의미 자체를 철학적으로 탐구한다."
인문학,5,최소한의 삼국지,최태성,프런트페이지,17550,"큰별쌤의 삼국지 압축.","방대한 서사를 쉽고 재미있게.","삼국지를 읽고 싶지만 너무 길어서 엄두가 안 나는 사람을 위한 책. 큰별쌤 최태성이 방대한 삼국지를 핵심만 쉽고 재미있게 압축했다. 조조와 유비와 제갈공명의 전략이 현대의 비즈니스와 인간관계에도 적용된다는 걸 보여준다. 교양으로서의 삼국지를 가장 쉽게 만나는 방법."
인문학,6,위버멘쉬,니체,RISE(떠오름),16020,"니체의 초인 사상.","자기 삶의 가치를 스스로 만드는 사람.","사회가 정한 기준에 맞춰 살다 보면 문득 묻게 된다. 이게 내 삶인가? 니체의 위버멘쉬는 초인이 아니다. 순종하는 낙타에서 반항하는 사자로, 다시 새롭게 놀이하듯 가치를 창조하는 어린이로. 타인의 기준이 아닌 자기 삶의 가치를 스스로 만드는 사람이 되고 싶다면 니체를 읽을 때다."
인문학,7,쾌적한 사회의 불쾌함,구마시로 도루,생각지도,18900,"편리함 뒤의 불쾌함.","쾌적함에 중독된 시대의 사회철학.","배달 앱으로 30분 만에 음식이 오고 버튼 하나로 모든 게 해결되는 시대. 그런데 왜 불쾌함은 줄지 않을까? 편리함이 만들어낸 새로운 불쾌함의 구조를 분석한다. 작은 불편도 참지 못하는 사회, 효율 뒤에 숨겨진 감정노동, 쾌적함 중독의 대가. 우리가 놓치고 있는 것들을 자각하게 해준다."
인문학,8,뇌는 어떻게 나를 조종하는가,크리스 나이바우어,클랩북스,16920,"좌뇌 해석자의 자아 환상.","뇌과학으로 이해하는 나의 작동 원리.","좌뇌의 해석자가 끊임없이 스토리를 지어내고 있다는 사실을 알면 불필요한 자기 비난과 불안에서 벗어날 수 있다. 심리학보다 깊고 철학보다 실용적인 뇌과학 자기이해서. 자기 비난이 습관인 사람에게 특히 유용하다."
인문학,9,너를 기다릴 시간에 나를 사랑하기로 했다,질리언 투레키,부키,17550,"자기 사랑 철학.","모든 관계의 기초는 자기 사랑.","타인에게 쏟던 에너지를 자신에게 돌리는 자기 사랑의 철학. 인문학적 깊이로 자존감과 관계의 본질을 다룬다. 연애든 직장이든 모든 관계의 기초는 자기 사랑이라는 메시지가 일관되게 흐른다."
인문학,10,니체의 초월자,니체,히읏,15210,"니체 원전 핵심 입문.","자기 극복과 초월의 철학.","위버멘쉬를 읽고 니체에 빠졌다면 이 책으로 한 단계 더. 니체 원전의 핵심만 추린 입문서로 자기 극복과 초월의 철학을 더 깊이 파고든다. 두 권을 함께 읽으면 니체가 왜 150년이 지나도 읽히는지 이해하게 된다."
인문학,11,빅터 프랭클의 죽음의 수용소에서,빅터 프랭클,청아출판사,10800,"나치 수용소 생존 증언. 1200만부.","삶의 의미를 찾는 자는 어떤 고통도 견딘다.","나치 수용소에서 가족을 잃고 극한의 고통 속에서도 살아남은 정신과 의사의 증언. 인간은 어떤 상황에서도 태도를 선택할 자유가 있다는 프랭클의 주장은 로고테라피의 기초가 되었다. 의미를 잃었을 때 바닥에서 올려다보는 빛이 되어주는 책. 전 세계 1200만부."
인문학,12,삶을 의미 있게 만들어주는 일상의 철학,오이겐 M. 슐라크,빚은책들,4500,"일상 속 철학.","4500원에 만나는 철학적 위로.","철학이 어렵고 거창한 것이라는 편견을 깨는 책. 일상의 작은 순간에서 철학적 의미를 발견한다. 4500원이라는 파격적 가격으로 부담 없이 철학을 시작할 수 있다. 거창하지 않은 삶의 철학 입문으로 최적."
인문학,13,우리가 사랑한 도시,"김지윤, 전은환",북다,15750,"도시의 기억과 감성.","장소가 품은 이야기들의 기록.","도시는 건물의 집합이 아니라 기억의 집합이다. 특정 장소에 얽힌 기억과 감성을 따라가는 인문 에세이. 여행을 좋아하는 사람에게는 새로운 도시를 보는 시선을, 일상에 지친 사람에게는 익숙한 도시를 새롭게 보는 눈을 선물한다."
인문학,14,인류학자처럼 생각하는 법,매슈 엥글키,오월의봄,23400,"인류학적 사고법.","익숙한 것을 낯설게 보는 힘.","당연한 것을 당연하지 않게 보는 힘이 인류학의 핵심이다. 왜 한국인은 밥을 먹으면서 TV를 볼까? 이런 질문을 던지면 새로운 세계가 열린다. 마케터와 기획자에게는 소비자를 낯선 눈으로 보는 무기가 되고, 일반 독자에게는 관점의 전환을 선물한다."
인문학,15,사피엔스,유발 하라리,김영사,24120,"인류 25만년 3대 혁명. 2500만부.","세상을 보는 근본적 프레임을 바꿔주는 책.","인류 25만 년의 역사를 인지혁명, 농업혁명, 과학혁명으로 관통한다. 돈, 종교, 국가, 법률이 모두 허구의 산물이라는 하라리의 주장은 충격적이면서도 설득력 있다. 읽고 나면 뉴스가 다르게 보이고 세상이 다르게 읽힌다. 2500만부가 팔린 데는 이유가 있다."
인문학,16,"총, 균, 쇠",재레드 다이아몬드,김영사,26820,"지리와 환경이 문명을 결정한다. 퓰리처상.","인류사의 가장 큰 질문에 답하는 책.","왜 유럽이 아메리카를 정복했고 그 반대가 아니었을까? 재레드 다이아몬드는 인종이 아니라 지리와 환경이 문명의 발전 속도를 결정했다고 답한다. 퓰리처상 수상. 인류사의 가장 큰 질문에 과학적으로 답하는 이 책은 교양의 기초를 세워준다."
인문학,17,손자병법,손무,현대지성,11700,"2500년 전략의 고전.","모든 경쟁의 기본 원리를 담은 고전.","지피지기면 백전불태. 2500년 전 전쟁 전략서의 원리가 현대 비즈니스에도 그대로 적용된다. 경쟁 상황에서 어떻게 판을 읽고 어떻게 움직여야 하는지를 가르쳐주는 인류 최고의 전략 고전. 11700원에 만날 수 있다."
인문학,18,편안함의 습격,마이클 이스터,수오서재,19800,"편안함이 우리를 약하게 만드는 역설.","불편함이 성장의 도구인 이유.","편안함을 추구하는 건 인간의 본능이다. 하지만 지나친 편안함이 오히려 우리를 약하게 만든다. 이 책은 의도적 불편함이 어떻게 신체적, 정신적 성장을 이끄는지를 과학적으로 설명한다. 쾌적한 사회의 불쾌함과 함께 읽으면 시너지가 크다."
인문학,19,고대 이집트의 밤하늘,유성환,휴머니스트,26100,"고대 이집트 천문학.","하늘을 올려다본 최초의 인류.","고대 이집트인들은 밤하늘에서 무엇을 보았을까? 피라미드의 정렬, 달력의 발명, 별자리의 기원까지. 천문학의 역사를 고대 이집트에서 시작하는 이 책은 과학과 역사와 신화가 교차하는 매력적인 인문서다. 밤하늘을 올려다보는 행위의 의미가 달라진다."
인문학,20,오래된 세계의 농담,이다혜,오리지널스,16200,"영화 평론가의 문화 에세이.","유머와 사유가 공존하는 문체.","영화와 문학과 일상을 넘나들며 세상을 관찰하는 이다혜의 문화 에세이. 유머와 사유가 공존하는 독특한 문체가 매력이다. 문화 콘텐츠를 많이 소비하는 독자라면 페이지마다 공감 포인트를 발견하게 된다."
사회과학,1,일본 광고 카피 도감,오하림,서교책방,16920,"일본 명작 광고 카피 큐레이션.","한 문장의 힘을 보여주는 영감 사전.","짧은 한 문장이 사람의 마음을 어떻게 움직이는지를 일본 광고 카피를 통해 보여준다. 마케터뿐 아니라 글을 쓰는 모든 사람에게 영감의 원천. 사회과학 카테고리에 있지만 크리에이티브 레퍼런스로서 가치가 압도적이다."
사회과학,2,미국은 왜 전쟁을 멈추지 못하는가,"윌리엄 D. 하텅, 벤 프리먼",부키,22500,"군산복합체와 전쟁 경제.","뉴스 너머의 구조를 읽는 눈.","미국의 국방 예산은 왜 줄지 않을까? 군산복합체라는 거대한 시스템이 전쟁 경제를 어떻게 유지하는지를 구조적으로 분석한다. 국제 정세가 경제와 투자에 미치는 영향을 이해하려면 이 구조를 알아야 한다. 뉴스의 표면이 아닌 심층을 읽는 눈을 길러준다."
사회과학,3,쾌적한 사회의 불쾌함,구마시로 도루,생각지도,18900,"편리함이 만든 새로운 불쾌함.","효율 뒤에 숨은 사회 구조의 문제.","모든 것이 빠르고 편해졌는데 왜 불쾌함은 줄지 않을까? 배달 리뷰 테러, 고객 갑질, 감정노동의 증가. 쾌적함을 당연시하면서 생긴 새로운 사회 문제를 분석한다. 편리함의 수혜자인 우리가 동시에 불쾌함의 원인이 되고 있다는 자각을 준다."
사회과학,4,예루살렘의 아이히만,한나 아렌트,한길사,27000,"악의 평범성. 20세기 가장 중요한 정치철학서.","악은 괴물이 아니라 평범한 사람이 저지른다.","나치 전범 아이히만의 재판을 참관한 한나 아렌트가 발견한 것은 충격적이었다. 아이히만은 괴물이 아니라 명령에 순종한 평범한 관료였다. 악의 평범성이라는 개념은 20세기 가장 중요한 정치철학적 통찰 중 하나다. 20년만의 전면 개정판으로 새 번역과 해설이 추가됐다."
사회과학,5,숨은민국,김미영,세이지,18000,"대한민국의 숨겨진 사회 구조.","우리가 모르는 대한민국의 이면.","우리가 사는 대한민국에는 보이지 않는 구조가 있다. 이 책은 드러나지 않는 사회 구조와 권력의 작동 방식을 파헤친다. 뉴스에서 다루지 않는 이야기, 통계에 잡히지 않는 현실. 대한민국을 더 깊이 이해하고 싶다면."
사회과학,6,필연적 혼자의 시대,김수영,다산초당,17100,"1인 가구 시대의 사회학.","혼자 사는 것이 선택이 아닌 필연이 된 시대.","혼자 사는 건 더 이상 선택이 아니다. 구조적으로 혼자가 될 수밖에 없는 시대가 왔다. 이 책은 1인 가구 시대를 개인의 문제가 아닌 사회 구조의 관점에서 분석한다. 혼자 살고 있거나 살게 될 대부분의 현대인에게 자신의 삶을 이해하는 렌즈를 제공한다."
사회과학,7,인류학자처럼 생각하는 법,매슈 엥글키,오월의봄,23400,"인류학적 사고법.","당연한 것을 낯설게 보는 힘.","익숙한 것을 낯설게 보는 인류학적 시선은 사회를 이해하는 가장 강력한 도구다. 이 책은 그 시선을 키우는 방법을 알려준다. 사회과학적 사고의 기초를 세우기에 최적의 입문서."
사회과학,8,사피엔스,유발 하라리,김영사,24120,"인류사 교양서. 2500만부.","교양의 기초를 세우는 필독서.","인류 25만 년의 역사를 관통하는 시야. 돈, 종교, 국가가 모두 허구의 산물이라는 통찰은 사회 구조를 이해하는 근본적 프레임을 제공한다."
사회과학,9,"총, 균, 쇠",재레드 다이아몬드,김영사,26820,"문명 발전의 지리적 결정론. 퓰리처상.","왜 서양이 지배하게 되었나에 대한 과학적 답.","지리와 환경이 문명의 발전 속도를 결정했다는 혁신적 주장. 인종주의적 설명을 과학적으로 반박하면서 인류사의 가장 큰 불평등을 설명한다. 퓰리처상 수상작."
사회과학,10,이해찬 회고록,이해찬,돌베개,20700,"전 더불어민주당 대표의 정치 회고록.","한국 정치사의 한 단면.","한국 정치의 한 시대를 이끌었던 이해찬의 정치 회고록. 노무현 정부부터 문재인 정부까지 핵심 인물이 직접 기록한 정치사. 어떤 정치적 입장이든 한국 정치의 내부를 이해하는 데 귀중한 1차 자료."
사회과학,11,먼저 온 미래,장강명,동아시아,18000,"AI/인구감소/기후위기 탐색.","미래 이슈를 작가의 시선으로.","AI, 인구 감소, 기후위기. 이미 도착한 미래를 소설가 장강명의 시선으로 탐색한다. 전문가의 분석이 아닌 작가의 감수성으로 미래를 읽는 독특한 관점이 매력이다."
사회과학,12,사회복지학개론,권중돈,학지사,27000,"사회복지학 교과서.","사회복지를 체계적으로 이해하는 입문서.","사회복지학을 처음 공부하는 학생과 관심 있는 일반인을 위한 체계적 입문서. 사회복지의 이론과 실제를 포괄적으로 다룬다."
사회과학,13,정의란 무엇인가,마이클 샌델,와이즈베리,16200,"하버드 명강의. 300만부.","철학이 이렇게 재미있을 수 있다.","트롤리 딜레마로 시작하는 하버드 최고 인기 강의. 일상의 사례로 정의를 묻는 이 책은 300만부가 팔리며 교양서의 정석이 되었다. 면접 준비든 세상 이해든 토론 능력이든 여러모로 유용하다."
사회과학,14,탐욕스러운 돌봄,신성아,한겨레출판,16200,"돌봄 노동의 구조적 문제.","돌봄이 왜 탐욕스러운가.","돌봄은 아름다운 단어지만 그 안에 구조적 착취가 숨어있다. 돌봄 노동의 대가는 누가 치르고 있는가? 이 책은 돌봄의 이면에 있는 불평등을 파헤친다. 고령화 사회를 살아가는 모든 세대가 읽어야 할 사회 비평."
사회과학,15,넥서스,유발 하라리,김영사,25020,"사피엔스 후속. 정보 네트워크의 역사.","하라리가 돌아왔다.","사피엔스와 호모 데우스에 이은 하라리의 신작. 정보 네트워크가 인류 사회를 어떻게 형성했는지 추적한다. AI 시대 정보의 의미를 역사적 관점에서 이해하고 싶다면 필독."
사회과학,16,경험의 멸종,크리스틴 로젠,어크로스,17820,"디지털 시대 직접 경험의 소멸.","스크린 너머의 삶을 잃어가는 우리.","직접 경험이 줄고 간접 경험이 늘어나는 시대. 여행도 유튜브로, 요리도 먹방으로, 연애도 앱으로. 직접 경험의 가치가 사라지고 있다는 경고. 디지털 시대를 사는 모든 사람이 한 번쯤 돌아봐야 할 주제."
사회과학,17,모여라! 퀴어 청소년,퀴어 청소년 모임 짱똘,사계절,15120,"퀴어 청소년 당사자의 목소리.","당사자가 직접 쓴 이야기의 힘.","퀴어 청소년 당사자들이 직접 쓴 이야기 모음. 그 누구의 해석도 거치지 않은 날것의 목소리가 가진 힘이 있다. 다양성에 대한 이해를 넓히고 싶은 모든 독자에게."
사회과학,18,차별을 훔치는 남자들,박정훈,한겨레출판,17100,"역차별 프레임 분석.","역차별이라는 말의 허구를 파헤치다.","역차별이라는 프레임이 어떻게 만들어지고 확산되는지를 분석한다. 젠더 갈등의 구조를 이해하고 싶다면 이 책이 좋은 출발점이다."
사회과학,19,부동산은 어떻게 권력이 되었나,마이크 버드,RHK,22500,"부동산 권력의 역사.","집이 자산이 아니라 권력이 되는 과정.","부동산이 단순한 자산을 넘어 사회적 권력이 되어가는 과정을 역사적으로 추적한다. 집값 문제를 개인의 문제가 아닌 구조의 문제로 이해하게 해주는 책."
사회과학,20,초판본 군주론,마키아벨리,더스토리,2690,"권력과 리더십의 500년 고전.","2690원에 만나는 인류 최고의 권력론.","목적이 수단을 정당화한다. 500년간 읽히는 권력과 리더십의 고전. 2690원이라는 파격 가격으로 정치철학의 정수를 만날 수 있다. 짧지만 강렬하고, 고전이지만 현재적이다."
과학,1,완벽한 원시인,자청,필로틱,19800,"10만년 전 DNA 기반 뇌 리셋법.","과학과 자기계발의 융합.","진화생물학과 뇌과학을 기반으로 현대인의 오작동을 진단하고 리셋하는 과학적 자기계발서. 수렵채집 시대의 생존 메커니즘이 현대 사회에서 어떻게 역기능하는지를 과학적으로 설명한다."
과학,2,이토록 위대한 몸,줄리아 엔더스 외,21세기북스,21600,"우리 몸의 놀라운 작동 원리.","자기 몸을 이해하는 가장 재미있는 방법.","우리 몸은 경이로운 기계다. 이 책은 소화계, 면역계, 신경계 등 인체의 작동 원리를 유머와 일러스트로 쉽게 풀어낸다. 의학 지식이 없어도 재미있게 읽을 수 있는 과학 교양서. 자기 몸을 이해하면 건강 관리의 질이 달라진다."
과학,3,코스모스 (특별판),칼 세이건,사이언스북스,19800,"우주와 인류에 대한 성찰의 고전.","별들의 이야기를 통해 인류를 이해하다.","우리는 별의 먼지로 만들어졌다. 칼 세이건의 이 한 문장이 이 책의 전부다. 우주의 기원부터 생명의 탄생, 문명의 미래까지. 과학서이면서 동시에 철학서이고 문학이다. 밤하늘을 올려다보는 행위에 의미를 부여하는 인류 최고의 과학 교양서. 특별판으로 소장 가치까지."
과학,4,이게 되네? 제미나이 완전 미친 활용법 81제,오힘찬,골든래빗,21600,"구글 제미나이 AI 활용 81가지.","AI를 실무에 즉시 적용하는 실전 가이드.","구글 제미나이를 업무에 바로 적용하는 81가지 방법. 이론이 아닌 실전에서 AI를 활용하고 싶은 직장인에게 최적. 각 활용법이 독립적이라 필요한 것만 골라 읽기 좋다."
과학,5,이기적 유전자,리처드 도킨스,을유문화사,18000,"유전자 관점에서 본 진화론의 혁명.","우리는 유전자의 생존 기계다.","생물은 유전자의 생존 기계라는 도킨스의 주장은 진화론에 혁명을 가져왔다. 이타적 행동조차 유전자의 이기적 전략으로 설명하는 논리가 충격적이면서도 설득력 있다. 과학 교양의 필독서 중 하나로 사피엔스와 함께 읽으면 세상을 보는 눈이 완전히 달라진다."
과학,6,뇌는 어떻게 나를 조종하는가,크리스 나이바우어,클랩북스,16920,"좌뇌 해석자의 자아 환상.","뇌과학으로 이해하는 나.","좌뇌가 끊임없이 이야기를 지어낸다는 사실을 과학적으로 증명한다. 자기 비난과 불안의 상당 부분이 뇌의 오작동일 수 있다는 통찰이 해방감을 준다."
과학,7,모든 것은 결정되어 있다,로버트 M. 새폴스키,문학동네,38700,"자유의지에 대한 과학적 도전.","우리에게 자유의지가 있는가?","스탠포드대 신경과학자가 자유의지의 존재를 과학적으로 부정한다. 유전자, 호르몬, 뇌 구조가 우리의 행동을 결정한다면 책임이란 무엇인가? 과학과 철학의 경계를 넘나드는 이 책은 도발적이면서도 깊다. 38700원의 두꺼운 책이지만 읽기 시작하면 놓을 수 없다."
과학,8,물고기는 존재하지 않는다,룰루 밀러,곰출판,15300,"분류학의 역사와 삶의 의미.","과학서인데 왜 울컥할까.","물고기라는 분류가 과학적으로 존재하지 않는다는 사실에서 시작해 분류학의 역사, 인생의 의미, 상실과 회복까지 나아가는 독특한 과학 에세이. 과학서인데 왜 눈물이 나는지 모르겠다는 후기가 많다. 과학과 인문학의 경계를 녹인 걸작."
과학,9,사춘기는 처음이라,이광렬,클랩북스,17100,"사춘기 뇌과학.","부모와 청소년 모두를 위한 뇌과학 가이드.","사춘기 자녀와 소통이 안 되는 이유를 뇌과학으로 설명한다. 호르몬과 뇌 발달이 청소년의 행동을 어떻게 결정하는지 이해하면 갈등이 줄어든다. 부모에게는 이해의 도구를, 청소년에게는 자기 이해의 계기를 제공한다."
과학,10,고규홍의 나무,고규홍,동아시아,58500,"나무 전문가의 나무 백과.","나무를 알면 세상이 다르게 보인다.","30년간 나무만 연구한 고규홍의 나무 백과. 58500원이라는 가격에 걸맞는 방대한 사진과 지식이 담겨있다. 나무 한 그루를 제대로 알면 산책이 달라지고 계절이 달라진다. 자연과 가까워지고 싶은 모든 사람을 위한 인생 레퍼런스."
과학,11,뇌는 어떻게 변화를 거부하는가,슈테판 클라인,어크로스,17820,"변화에 저항하는 뇌의 메커니즘.","왜 변하고 싶은데 변하지 못하는가.","새해 결심이 왜 2월에 실패하는지를 뇌과학으로 설명한다. 뇌는 기본적으로 변화를 싫어한다. 에너지 효율을 위해 익숙한 패턴을 반복하려 한다. 이 메커니즘을 이해하면 변화 전략이 달라진다. 완벽한 원시인과 함께 읽으면 시너지가 크다."
과학,12,코스모스,칼 세이건,사이언스북스,45000,"우주와 인류의 이야기. 정가판.","과학 교양의 영원한 고전.","특별판이 아닌 정가판 코스모스. 칼 세이건의 원래 의도대로 풍부한 사진과 도판이 포함된 완전판이다. 과학 교양의 영원한 고전을 소장하고 싶다면 이 판본이 정답."
과학,13,멍청해지기 전에 읽는 뇌과학,이인아,오리지널스,16200,"스마트폰이 뇌를 바꾸는 방식.","디지털 치매 시대의 뇌 건강 가이드.","스마트폰과 SNS가 우리의 뇌를 어떻게 바꾸고 있는지 뇌과학으로 설명한다. 집중력 저하, 기억력 감퇴, 판단력 약화의 원인이 디지털 과의존에 있다는 경고. 멍청해지기 전에 읽어야 할 뇌과학 필독서."
과학,14,거의 모든 것의 역사 2.0,빌 브라이슨,까치,25200,"과학의 모든 분야를 유머로.","과학 전 분야를 가장 재미있게 읽는 방법.","빅뱅부터 인류의 탄생까지, 과학의 모든 분야를 빌 브라이슨 특유의 유머로 풀어낸 명작의 업데이트판. 과학이 어렵다는 편견을 깨는 책. 한 권으로 과학 교양의 기초를 세울 수 있다."
과학,15,데이터를 엮는 사람들 데이터 과학자,권정민,비제이퍼블릭,14850,"데이터 과학자의 세계.","데이터 과학 커리어를 꿈꾸는 사람을 위한 가이드.","데이터 과학자가 실제로 어떤 일을 하는지, 어떤 역량이 필요한지, 어떻게 커리어를 쌓는지를 현직자가 알려준다. AI 시대 가장 주목받는 직업 중 하나를 이해하는 입문서."
과학,16,나무 같은 사람이 되고 싶다,리즈 마빈 외,아멜리에북스,16020,"나무에서 배우는 삶의 태도.","자연에서 인생의 지혜를 찾다.","나무처럼 뿌리 깊이 내리고, 천천히 자라고, 바람에 흔들려도 부러지지 않는 삶. 나무의 생존 전략에서 인생의 태도를 배우는 과학 에세이. 자연과 인문의 경계에서 독특한 위로를 제공한다."
과학,17,정재승의 과학 콘서트 (개정증보 2판),정재승,어크로스,16920,"한국 대표 과학 교양서.","과학이 이렇게 재미있을 수 있다.","한국 과학 커뮤니케이션의 대표 주자 정재승의 스테디셀러. 일상 속 과학 원리를 콘서트처럼 재미있게 풀어낸다. 개정증보판으로 최신 내용이 추가됐다. 과학을 싫어했던 사람도 이 책을 읽으면 과학 팬이 된다."
과학,18,내 손으로 고치는 빈티지 오디오,김동희,좋은땅,22500,"빈티지 오디오 수리 가이드.","취미의 깊이를 보여주는 실전서.","빈티지 오디오를 직접 고치는 매뉴얼. 니치한 취미지만 이런 깊이 있는 취미서가 베스트셀러에 오른 건 천천히 손으로 무언가를 만드는 것에 대한 갈증이 있기 때문이다."
과학,19,과학하는 인간의 태도,카를로 로벨리,쌤앤파커스,17550,"과학적 사고방식의 본질.","과학자처럼 생각하는 법.","이론물리학자 카를로 로벨리가 말하는 과학적 사고의 본질. 과학은 지식의 축적이 아니라 끊임없는 질문과 의심의 과정이다. 과학자가 아니어도 과학적 태도를 갖추면 삶의 문제를 더 잘 풀 수 있다."
과학,20,뇌는 어떻게 노화를 늦추는가,로버트 P. 프리들랜드,현대지성,17910,"뇌 건강과 노화 방지.","뇌를 젊게 유지하는 과학적 방법.","뇌의 노화는 피할 수 없지만 늦출 수는 있다. 신경과학자가 제시하는 과학적 근거에 기반한 뇌 건강 관리법. 운동, 식단, 수면, 사회적 교류가 뇌 노화에 미치는 영향을 구체적으로 설명한다. 모든 연령대에 유용하지만 빨리 시작할수록 효과가 크다."
